university,country,utc,QOL_Index,00:00,01:00,02:00,03:00,04:00,05:00,06:00,07:00,08:00,09:00,10:00,11:00,12:00,13:00,14:00,15:00,16:00,17:00,18:00,19:00,20:00,21:00,22:00,23:00
Tansian university Umunya,Nigeria,1,52.44,0,0,0,0,0,0,2,2,2,2,4,4,4,4,4,4,4,4,2,2,2,2,0,0
Korea University,South Korea,9,125.04,4,4,2,2,2,2,0,0,0,0,0,0,0,0,2,2,2,2,4,4,4,4,4,4
Augustana University,United States of America,-6,170.72,2,2,2,4,4,4,4,4,4,4,4,2,2,2,2,0,0,0,0,0,0,0,0,2
Obong University,Nigeria,1,52.44,0,0,0,0,0,0,2,2,2,2,4,4,4,4,4,4,4,4,2,2,2,2,0,0
Renaissance University (RNU),Nigeria,1,52.44,0,0,0,0,0,0,2,2,2,2,4,4,4,4,4,4,4,4,2,2,2,2,0,0
Caritas University,Nigeria,1,52.44,0,0,0,0,0,0,2,2,2,2,4,4,4,4,4,4,4,4,2,2,2,2,0,0
Bakı Avrasiya Akademik Universiteti,Azerbaijan,4,104.1,2,0,0,0,0,0,0,0,0,2,2,2,2,4,4,4,4,4,4,4,4,2,2,2
Columbia University,United States of America,-5,170.72,2,2,2,2,4,4,4,4,4,4,4,4,2,2,2,2,0,0,0,0,0,0,0,0
James Hope University,Nigeria,1,52.44,0,0,0,0,0,0,2,2,2,2,4,4,4,4,4,4,4,4,2,2,2,2,0,0
성균관대학교,South Korea,9,125.04,4,4,2,2,2,2,0,0,0,0,0,0,0,0,2,2,2,2,4,4,4,4,4,4
Πανεπιστήμιο Λευκωσίας,Cyprus,2,147.1,0,0,0,0,0,0,0,2,2,2,2,4,4,4,4,4,4,4,4,2,2,2,2,0
"Mewar International University, Nigeria",Nigeria,1,52.44,0,0,0,0,0,0,2,2,2,2,4,4,4,4,4,4,4,4,2,2,2,2,0,0
University of Southern California,United States of America,-8,170.72,2,4,4,4,4,4,4,4,4,2,2,2,2,0,0,0,0,0,0,0,0,2,2,2
Yale University,United States of America,-5,170.72,2,2,2,2,4,4,4,4,4,4,4,4,2,2,2,2,0,0,0,0,0,0,0,0
Xi'an International University,People's Republic of China,8,105.07,4,2,2,2,2,0,0,0,0,0,0,0,0,2,2,2,2,4,4,4,4,4,4,4
Redeemer's University,Nigeria,1,52.44,0,0,0,0,0,0,2,2,2,2,4,4,4,4,4,4,4,4,2,2,2,2,0,0
"Wellspring University Benin City, Edo State",Nigeria,1,52.44,0,0,0,0,0,0,2,2,2,2,4,4,4,4,4,4,4,4,2,2,2,2,0,0
和光大学,Japan,9,169.48,4,4,2,2,2,2,0,0,0,0,0,0,0,0,2,2,2,2,4,4,4,4,4,4
Chinese Culture University,Taiwan,8,140.15,4,2,2,2,2,0,0,0,0,0,0,0,0,2,2,2,2,4,4,4,4,4,4,4
Samuel Adegboyega University,Nigeria,1,52.44,0,0,0,0,0,0,2,2,2,2,4,4,4,4,4,4,4,4,2,2,2,2,0,0
Covenant University,Nigeria,1,52.44,0,0,0,0,0,0,2,2,2,2,4,4,4,4,4,4,4,4,2,2,2,2,0,0
Ashland University,United States of America,-5,170.72,2,2,2,2,4,4,4,4,4,4,4,4,2,2,2,2,0,0,0,0,0,0,0,0
Pacific Bible College,United States of America,-8,170.72,2,4,4,4,4,4,4,4,4,2,2,2,2,0,0,0,0,0,0,0,0,2,2,2
Crawford University,Nigeria,1,52.44,0,0,0,0,0,0,2,2,2,2,4,4,4,4,4,4,4,4,2,2,2,2,0,0
崇右影藝科技大學,Taiwan,8,140.15,4,2,2,2,2,0,0,0,0,0,0,0,0,2,2,2,2,4,4,4,4,4,4,4
Universidad de Concepción,Chile,-3,100.15,0,0,2,2,2,2,4,4,4,4,4,4,4,4,2,2,2,2,0,0,0,0,0,0
숭실대학,South Korea,9,125.04,4,4,2,2,2,2,0,0,0,0,0,0,0,0,2,2,2,2,4,4,4,4,4,4
Caleb University,Nigeria,1,52.44,0,0,0,0,0,0,2,2,2,2,4,4,4,4,4,4,4,4,2,2,2,2,0,0
Pan-Atlantic University,Nigeria,1,52.44,0,0,0,0,0,0,2,2,2,2,4,4,4,4,4,4,4,4,2,2,2,2,0,0
연세대학교,South Korea,9,125.04,4,4,2,2,2,2,0,0,0,0,0,0,0,0,2,2,2,2,4,4,4,4,4,4
Chosun University,South Korea,9,125.04,4,4,2,2,2,2,0,0,0,0,0,0,0,0,2,2,2,2,4,4,4,4,4,4
Igbenedion University,Nigeria,1,52.44,0,0,0,0,0,0,2,2,2,2,4,4,4,4,4,4,4,4,2,2,2,2,0,0
Clark University,United States of America,-5,170.72,2,2,2,2,4,4,4,4,4,4,4,4,2,2,2,2,0,0,0,0,0,0,0,0
광주여자전문대학,South Korea,9,125.04,4,4,2,2,2,2,0,0,0,0,0,0,0,0,2,2,2,2,4,4,4,4,4,4
Coal City University,Nigeria,1,52.44,0,0,0,0,0,0,2,2,2,2,4,4,4,4,4,4,4,4,2,2,2,2,0,0
"Hallmark University, Ijebu-Itele, Ogun State",Nigeria,1,52.44,0,0,0,0,0,0,2,2,2,2,4,4,4,4,4,4,4,4,2,2,2,2,0,0
Benson Idahosa University,Nigeria,1,52.44,0,0,0,0,0,0,2,2,2,2,4,4,4,4,4,4,4,4,2,2,2,2,0,0
Colegio Mayor de Nuestra Señora del Rosario,Colombia,-5,103.54,2,2,2,2,4,4,4,4,4,4,4,4,2,2,2,2,0,0,0,0,0,0,0,0
Bowen University,Nigeria,1,52.44,0,0,0,0,0,0,2,2,2,2,4,4,4,4,4,4,4,4,2,2,2,2,0,0
Elizade University,Nigeria,1,52.44,0,0,0,0,0,0,2,2,2,2,4,4,4,4,4,4,4,4,2,2,2,2,0,0
African University of Science & Technology,Nigeria,1,52.44,0,0,0,0,0,0,2,2,2,2,4,4,4,4,4,4,4,4,2,2,2,2,0,0
University of Chicago,United States of America,-6,170.72,2,2,2,4,4,4,4,4,4,4,4,2,2,2,2,0,0,0,0,0,0,0,0,2
Valparaiso University,United States of America,-6,170.72,2,2,2,4,4,4,4,4,4,4,4,2,2,2,2,0,0,0,0,0,0,0,0,2
건양대학교,South Korea,9,125.04,4,4,2,2,2,2,0,0,0,0,0,0,0,0,2,2,2,2,4,4,4,4,4,4
Bells University of Technology,Nigeria,1,52.44,0,0,0,0,0,0,2,2,2,2,4,4,4,4,4,4,4,4,2,2,2,2,0,0
Achievers University,Nigeria,1,52.44,0,0,0,0,0,0,2,2,2,2,4,4,4,4,4,4,4,4,2,2,2,2,0,0
専修大学,Japan,9,169.48,4,4,2,2,2,2,0,0,0,0,0,0,0,0,2,2,2,2,4,4,4,4,4,4
Precious Cornerstone University,Nigeria,1,52.44,0,0,0,0,0,0,2,2,2,2,4,4,4,4,4,4,4,4,2,2,2,2,0,0
New Haven Restaurant Institute,United States of America,-5,170.72,2,2,2,2,4,4,4,4,4,4,4,4,2,2,2,2,0,0,0,0,0,0,0,0
성서침례대학원대학교,South Korea,9,125.04,4,4,2,2,2,2,0,0,0,0,0,0,0,0,2,2,2,2,4,4,4,4,4,4
Augustine University Ilara,Nigeria,1,52.44,0,0,0,0,0,0,2,2,2,2,4,4,4,4,4,4,4,4,2,2,2,2,0,0
한반도국제대학원대학교,South Korea,9,125.04,4,4,2,2,2,2,0,0,0,0,0,0,0,0,2,2,2,2,4,4,4,4,4,4
Universidad Católica del Uruguay Dámaso Antonio Larrañaga,Uruguay,-3,122.26,0,0,2,2,2,2,4,4,4,4,4,4,4,4,2,2,2,2,0,0,0,0,0,0
Princeton University,United States of America,-5,170.72,2,2,2,2,4,4,4,4,4,4,4,4,2,2,2,2,0,0,0,0,0,0,0,0
Colgate University,United States of America,-5,170.72,2,2,2,2,4,4,4,4,4,4,4,4,2,2,2,2,0,0,0,0,0,0,0,0
جامعة البلمند,Lebanon,2,99.35,0,0,0,0,0,0,0,2,2,2,2,4,4,4,4,4,4,4,4,2,2,2,2,0
"Christopher University Mowe, Ogun State",Nigeria,1,52.44,0,0,0,0,0,0,2,2,2,2,4,4,4,4,4,4,4,4,2,2,2,2,0,0
Nigerian Turkish Nile University,Nigeria,1,52.44,0,0,0,0,0,0,2,2,2,2,4,4,4,4,4,4,4,4,2,2,2,2,0,0
慶應義塾大学,Japan,9,169.48,4,4,2,2,2,2,0,0,0,0,0,0,0,0,2,2,2,2,4,4,4,4,4,4
株式会社サイバー大学,Japan,9,169.48,4,4,2,2,2,2,0,0,0,0,0,0,0,0,2,2,2,2,4,4,4,4,4,4
강서대학교,South Korea,9,125.04,4,4,2,2,2,2,0,0,0,0,0,0,0,0,2,2,2,2,4,4,4,4,4,4
Hezekiah University,Nigeria,1,52.44,0,0,0,0,0,0,2,2,2,2,4,4,4,4,4,4,4,4,2,2,2,2,0,0
Ahman Pategi University,Nigeria,1,52.44,0,0,0,0,0,0,2,2,2,2,4,4,4,4,4,4,4,4,2,2,2,2,0,0
Babcock University,Nigeria,1,52.44,0,0,0,0,0,0,2,2,2,2,4,4,4,4,4,4,4,4,2,2,2,2,0,0
원광대학교,South Korea,9,125.04,4,4,2,2,2,2,0,0,0,0,0,0,0,0,2,2,2,2,4,4,4,4,4,4
Landmark University,Nigeria,1,52.44,0,0,0,0,0,0,2,2,2,2,4,4,4,4,4,4,4,4,2,2,2,2,0,0
Kings University,Nigeria,1,52.44,0,0,0,0,0,0,2,2,2,2,4,4,4,4,4,4,4,4,2,2,2,2,0,0
Leland Stanford Junior University,United States of America,-8,170.72,2,4,4,4,4,4,4,4,4,2,2,2,2,0,0,0,0,0,0,0,0,2,2,2
Novena University,Nigeria,1,52.44,0,0,0,0,0,0,2,2,2,2,4,4,4,4,4,4,4,4,2,2,2,2,0,0
Dartmouth College,United States of America,-5,170.72,2,2,2,2,4,4,4,4,4,4,4,4,2,2,2,2,0,0,0,0,0,0,0,0
Kwararafa University Wukari,Nigeria,1,52.44,0,0,0,0,0,0,2,2,2,2,4,4,4,4,4,4,4,4,2,2,2,2,0,0
Al-Qalam University,Nigeria,1,52.44,0,0,0,0,0,0,2,2,2,2,4,4,4,4,4,4,4,4,2,2,2,2,0,0
"KolaDaisi University Ibadan, Oyo State",Nigeria,1,52.44,0,0,0,0,0,0,2,2,2,2,4,4,4,4,4,4,4,4,2,2,2,2,0,0
Afe Babalola University,Nigeria,1,52.44,0,0,0,0,0,0,2,2,2,2,4,4,4,4,4,4,4,4,2,2,2,2,0,0
University of Notre Dame Australia,Australia,8,183.81,4,2,2,2,2,0,0,0,0,0,0,0,0,2,2,2,2,4,4,4,4,4,4,4
American University of Nigeria,Nigeria,1,52.44,0,0,0,0,0,0,2,2,2,2,4,4,4,4,4,4,4,4,2,2,2,2,0,0
Università degli Studi Internazionali di Roma - UNINT,Italy,1,141.07,0,0,0,0,0,0,2,2,2,2,4,4,4,4,4,4,4,4,2,2,2,2,0,0
Capitol Technology University,United States of America,-5,170.72,2,2,2,2,4,4,4,4,4,4,4,4,2,2,2,2,0,0,0,0,0,0,0,0
Ajayi Crowther University,Nigeria,1,52.44,0,0,0,0,0,0,2,2,2,2,4,4,4,4,4,4,4,4,2,2,2,2,0,0
Oberlin College,United States of America,-5,170.72,2,2,2,2,4,4,4,4,4,4,4,4,2,2,2,2,0,0,0,0,0,0,0,0
Western Delta University Oghara,Nigeria,1,52.44,0,0,0,0,0,0,2,2,2,2,4,4,4,4,4,4,4,4,2,2,2,2,0,0
İzmir Ekonomi Üniversitesi,Turkey,3,124.05,0,0,0,0,0,0,0,0,2,2,2,2,4,4,4,4,4,4,4,4,2,2,2,2
Afe Babalola University.,Nigeria,1,52.44,0,0,0,0,0,0,2,2,2,2,4,4,4,4,4,4,4,4,2,2,2,2,0,0
감리교신학대학교,South Korea,9,125.04,4,4,2,2,2,2,0,0,0,0,0,0,0,0,2,2,2,2,4,4,4,4,4,4
SWPS Uniwersytet Humanistycznospołeczny,Poland,1,140.02,0,0,0,0,0,0,2,2,2,2,4,4,4,4,4,4,4,4,2,2,2,2,0,0
Wesley University of Science and Technology,Nigeria,1,52.44,0,0,0,0,0,0,2,2,2,2,4,4,4,4,4,4,4,4,2,2,2,2,0,0
Libera Università Internazionale degli Studi Sociali Guido Carli,Italy,1,141.07,0,0,0,0,0,0,2,2,2,2,4,4,4,4,4,4,4,4,2,2,2,2,0,0
숙명여자대학교,South Korea,9,125.04,4,4,2,2,2,2,0,0,0,0,0,0,0,0,2,2,2,2,4,4,4,4,4,4
University of Notre Dame du Lac,United States of America,-5,170.72,2,2,2,2,4,4,4,4,4,4,4,4,2,2,2,2,0,0,0,0,0,0,0,0
Cornell University,United States of America,-5,170.72,2,2,2,2,4,4,4,4,4,4,4,4,2,2,2,2,0,0,0,0,0,0,0,0
Ritman University,Nigeria,1,52.44,0,0,0,0,0,0,2,2,2,2,4,4,4,4,4,4,4,4,2,2,2,2,0,0
Maranatha university,Nigeria,1,52.44,0,0,0,0,0,0,2,2,2,2,4,4,4,4,4,4,4,4,2,2,2,2,0,0
New York University,United States of America,-5,170.72,2,2,2,2,4,4,4,4,4,4,4,4,2,2,2,2,0,0,0,0,0,0,0,0
Wszechnica Polska Szkoła Wyższa w Warszawie,Poland,1,140.02,0,0,0,0,0,0,2,2,2,2,4,4,4,4,4,4,4,4,2,2,2,2,0,0
Harvard University,United States of America,-5,170.72,2,2,2,2,4,4,4,4,4,4,4,4,2,2,2,2,0,0,0,0,0,0,0,0
American University of Beirut,Lebanon,2,99.35,0,0,0,0,0,0,0,2,2,2,2,4,4,4,4,4,4,4,4,2,2,2,2,0
Godfrey Okoye University,Nigeria,1,52.44,0,0,0,0,0,0,2,2,2,2,4,4,4,4,4,4,4,4,2,2,2,2,0,0
Akademi Kebidanan 'Aisyiyah Yogyakarta,Indonesia,7,90.36,2,2,2,2,0,0,0,0,0,0,0,0,2,2,2,2,4,4,4,4,4,4,4,4
Gregory University,Nigeria,1,52.44,0,0,0,0,0,0,2,2,2,2,4,4,4,4,4,4,4,4,2,2,2,2,0,0
William Marsh Rice University,United States of America,-6,170.72,2,2,2,4,4,4,4,4,4,4,4,2,2,2,2,0,0,0,0,0,0,0,0,2
New School,United States of America,-5,170.72,2,2,2,2,4,4,4,4,4,4,4,4,2,2,2,2,0,0,0,0,0,0,0,0
Clifford university,Nigeria,1,52.44,0,0,0,0,0,0,2,2,2,2,4,4,4,4,4,4,4,4,2,2,2,2,0,0
Crescent University,Nigeria,1,52.44,0,0,0,0,0,0,2,2,2,2,4,4,4,4,4,4,4,4,2,2,2,2,0,0
Nile university of Nigeria,Nigeria,1,52.44,0,0,0,0,0,0,2,2,2,2,4,4,4,4,4,4,4,4,2,2,2,2,0,0
Fountain University,Nigeria,1,52.44,0,0,0,0,0,0,2,2,2,2,4,4,4,4,4,4,4,4,2,2,2,2,0,0
한국성서대학교,South Korea,9,125.04,4,4,2,2,2,2,0,0,0,0,0,0,0,0,2,2,2,2,4,4,4,4,4,4
Banja Luka College - Fakultet za medije i komunikaciju,Bosnia and Herzegovina,1,127.07,0,0,0,0,0,0,2,2,2,2,4,4,4,4,4,4,4,4,2,2,2,2,0,0
Chrisland University,Nigeria,1,52.44,0,0,0,0,0,0,2,2,2,2,4,4,4,4,4,4,4,4,2,2,2,2,0,0
Bingham University,Nigeria,1,52.44,0,0,0,0,0,0,2,2,2,2,4,4,4,4,4,4,4,4,2,2,2,2,0,0
University of Dallas,United States of America,-6,170.72,2,2,2,4,4,4,4,4,4,4,4,2,2,2,2,0,0,0,0,0,0,0,0,2
الجامعة الإسلامية في لبنان,Lebanon,2,99.35,0,0,0,0,0,0,0,2,2,2,2,4,4,4,4,4,4,4,4,2,2,2,2,0
Carnegie Mellon University,United States of America,-5,170.72,2,2,2,2,4,4,4,4,4,4,4,4,2,2,2,2,0,0,0,0,0,0,0,0
Paul University,Nigeria,1,52.44,0,0,0,0,0,0,2,2,2,2,4,4,4,4,4,4,4,4,2,2,2,2,0,0
高崎経済大学,Japan,9,169.48,4,4,2,2,2,2,0,0,0,0,0,0,0,0,2,2,2,2,4,4,4,4,4,4
Новосибірський електротехнічний інститут,Russia,7,103.28,2,2,2,2,0,0,0,0,0,0,0,0,2,2,2,2,4,4,4,4,4,4,4,4
Università degli Studi di Salerno,Italy,1,141.07,0,0,0,0,0,0,2,2,2,2,4,4,4,4,4,4,4,4,2,2,2,2,0,0
Universidad Nacional de Rosario,Argentina,-3,105.42,0,0,2,2,2,2,4,4,4,4,4,4,4,4,2,2,2,2,0,0,0,0,0,0
Криворожский государственный педагогический институт,Ukraine,2,111.93,0,0,0,0,0,0,0,2,2,2,2,4,4,4,4,4,4,4,4,2,2,2,2,0
Universiteit van die Vrystaat,South Africa,2,136.02,0,0,0,0,0,0,0,2,2,2,2,4,4,4,4,4,4,4,4,2,2,2,2,0
Универзитет „Св. Кирил и Методиј“,North Macedonia,1,109.6,0,0,0,0,0,0,2,2,2,2,4,4,4,4,4,4,4,4,2,2,2,2,0,0
Orta Doğu Teknik Üniversitesi,Turkey,3,124.05,0,0,0,0,0,0,0,0,2,2,2,2,4,4,4,4,4,4,4,4,2,2,2,2
Erasmus Universiteit Rotterdam,Netherlands,1,185.38,0,0,0,0,0,0,2,2,2,2,4,4,4,4,4,4,4,4,2,2,2,2,0,0
"University of California, Santa Barbara",United States of America,-8,170.72,2,4,4,4,4,4,4,4,4,2,2,2,2,0,0,0,0,0,0,0,0,2,2,2
Edith Cowan University,Australia,8,183.81,4,2,2,2,2,0,0,0,0,0,0,0,0,2,2,2,2,4,4,4,4,4,4,4
Nigeria Police Academy,Nigeria,1,52.44,0,0,0,0,0,0,2,2,2,2,4,4,4,4,4,4,4,4,2,2,2,2,0,0
Уральский государственный технический университет,Russia,5,103.28,2,2,0,0,0,0,0,0,0,0,2,2,2,2,4,4,4,4,4,4,4,4,2,2
Helmut-Schmidt-Universität/Universität der Bundeswehr Hamburg,Germany,1,180.27,0,0,0,0,0,0,2,2,2,2,4,4,4,4,4,4,4,4,2,2,2,2,0,0
Università degli Studi della Basilicata,Italy,1,141.07,0,0,0,0,0,0,2,2,2,2,4,4,4,4,4,4,4,4,2,2,2,2,0,0
Universidad Pública de Navarra,Spain,1,168.48,0,0,0,0,0,0,2,2,2,2,4,4,4,4,4,4,4,4,2,2,2,2,0,0
Athabasca University,Canada,-7,160.38,2,2,4,4,4,4,4,4,4,4,2,2,2,2,0,0,0,0,0,0,0,0,2,2
Universität Freiburg,Switzerland,1,195.27,0,0,0,0,0,0,2,2,2,2,4,4,4,4,4,4,4,4,2,2,2,2,0,0
Иркутский государственный медицинский институт,Russia,8,103.28,4,2,2,2,2,0,0,0,0,0,0,0,0,2,2,2,2,4,4,4,4,4,4,4
Abubakar Tafawa Balewa University,Nigeria,1,52.44,0,0,0,0,0,0,2,2,2,2,4,4,4,4,4,4,4,4,2,2,2,2,0,0
Technische Universität Hamburg,Germany,1,180.27,0,0,0,0,0,0,2,2,2,2,4,4,4,4,4,4,4,4,2,2,2,2,0,0
Staatliche Hochschule für Musik und Darstellende Kunst Stuttgart,Germany,1,180.27,0,0,0,0,0,0,2,2,2,2,4,4,4,4,4,4,4,4,2,2,2,2,0,0
Friedrich-Schiller-Universität Jena,Germany,1,180.27,0,0,0,0,0,0,2,2,2,2,4,4,4,4,4,4,4,4,2,2,2,2,0,0
Евразийский лингвистический институт,Russia,8,103.28,4,2,2,2,2,0,0,0,0,0,0,0,0,2,2,2,2,4,4,4,4,4,4,4
Kıbrıs Universitesi,Cyprus,2,147.1,0,0,0,0,0,0,0,2,2,2,2,4,4,4,4,4,4,4,4,2,2,2,2,0
Universidade Estadual de Londrina,Brazil,-3,107.04,0,0,2,2,2,2,4,4,4,4,4,4,4,4,2,2,2,2,0,0,0,0,0,0
Universidade Estadual do Ceará,Brazil,-3,107.04,0,0,2,2,2,2,4,4,4,4,4,4,4,4,2,2,2,2,0,0,0,0,0,0
Universidad de Salamanca,Spain,1,168.48,0,0,0,0,0,0,2,2,2,2,4,4,4,4,4,4,4,4,2,2,2,2,0,0
Western Washington University,United States of America,-8,170.72,2,4,4,4,4,4,4,4,4,2,2,2,2,0,0,0,0,0,0,0,0,2,2,2
Universität Leipzig – Alma Mater Lipsiensis,Germany,1,180.27,0,0,0,0,0,0,2,2,2,2,4,4,4,4,4,4,4,4,2,2,2,2,0,0
北京电影学院,People's Republic of China,8,105.07,4,2,2,2,2,0,0,0,0,0,0,0,0,2,2,2,2,4,4,4,4,4,4,4
Universidade Federal de Minas Gerais,Brazil,-3,107.04,0,0,2,2,2,2,4,4,4,4,4,4,4,4,2,2,2,2,0,0,0,0,0,0
Universidade de Santiago de Compostela,Spain,1,168.48,0,0,0,0,0,0,2,2,2,2,4,4,4,4,4,4,4,4,2,2,2,2,0,0
Hochschule für Bodencultur,Austria,1,179.16,0,0,0,0,0,0,2,2,2,2,4,4,4,4,4,4,4,4,2,2,2,2,0,0
Tartu Ülikool,Estonia,2,174.19,0,0,0,0,0,0,0,2,2,2,2,4,4,4,4,4,4,4,4,2,2,2,2,0
Гродзенскі дзяржаўны ўніверсітэт імя Янкі Купалы,Belarus,3,108.48,0,0,0,0,0,0,0,0,2,2,2,2,4,4,4,4,4,4,4,4,2,2,2,2
Нижегородский государственный университет,Russia,3,103.28,0,0,0,0,0,0,0,0,2,2,2,2,4,4,4,4,4,4,4,4,2,2,2,2
Ahmadu Bello University,Nigeria,1,52.44,0,0,0,0,0,0,2,2,2,2,4,4,4,4,4,4,4,4,2,2,2,2,0,0
Đại học Quốc gia Hà Nội,Vietnam,7,89.95,2,2,2,2,0,0,0,0,0,0,0,0,2,2,2,2,4,4,4,4,4,4,4,4
ივანე ჯავახიშვილის სახელობის თბილისის სახელმწიფო უნივერსიტეტი,Georgia,4,121.14,2,0,0,0,0,0,0,0,0,2,2,2,2,4,4,4,4,4,4,4,4,2,2,2
Liverpool John Moores University,United Kingdom,0,161.74,0,0,0,0,0,2,2,2,2,4,4,4,4,4,4,4,4,2,2,2,2,0,0,0
University of Washington,United States of America,-8,170.72,2,4,4,4,4,4,4,4,4,2,2,2,2,0,0,0,0,0,0,0,0,2,2,2
University of Western Australia,Australia,8,183.81,4,2,2,2,2,0,0,0,0,0,0,0,0,2,2,2,2,4,4,4,4,4,4,4
Západočeská univerzita v Plzni,Czech Republic,1,162.64,0,0,0,0,0,0,2,2,2,2,4,4,4,4,4,4,4,4,2,2,2,2,0,0
Universidad de Alcalá,Spain,1,168.48,0,0,0,0,0,0,2,2,2,2,4,4,4,4,4,4,4,4,2,2,2,2,0,0
Ekonomická univerzita v Bratislave,Slovakia,1,151.16,0,0,0,0,0,0,2,2,2,2,4,4,4,4,4,4,4,4,2,2,2,2,0,0
Università degli Studi di Cagliari,Italy,1,141.07,0,0,0,0,0,0,2,2,2,2,4,4,4,4,4,4,4,4,2,2,2,2,0,0
Universidad de Sevilla,Spain,1,168.48,0,0,0,0,0,0,2,2,2,2,4,4,4,4,4,4,4,4,2,2,2,2,0,0
Hochschule für Musik Köln,Germany,1,180.27,0,0,0,0,0,0,2,2,2,2,4,4,4,4,4,4,4,4,2,2,2,2,0,0
Delta State University Abraka,Nigeria,1,52.44,0,0,0,0,0,0,2,2,2,2,4,4,4,4,4,4,4,4,2,2,2,2,0,0
云南师范大学,People's Republic of China,8,105.07,4,2,2,2,2,0,0,0,0,0,0,0,0,2,2,2,2,4,4,4,4,4,4,4
Aberystwyth University,United Kingdom,0,161.74,0,0,0,0,0,2,2,2,2,4,4,4,4,4,4,4,4,2,2,2,2,0,0,0
Akademie múzických umění v Praze,Czech Republic,1,162.64,0,0,0,0,0,0,2,2,2,2,4,4,4,4,4,4,4,4,2,2,2,2,0,0
Мазырскі дзяржаўны педагагічны ўніверсітэт,Belarus,3,108.48,0,0,0,0,0,0,0,0,2,2,2,2,4,4,4,4,4,4,4,4,2,2,2,2
Sveučilište u Zagrebu,Croatia,1,159.21,0,0,0,0,0,0,2,2,2,2,4,4,4,4,4,4,4,4,2,2,2,2,0,0
Gottfried Wilhelm Leibniz Universität,Germany,1,180.27,0,0,0,0,0,0,2,2,2,2,4,4,4,4,4,4,4,4,2,2,2,2,0,0
Univerza v Mariboru,Slovenia,1,169.04,0,0,0,0,0,0,2,2,2,2,4,4,4,4,4,4,4,4,2,2,2,2,0,0
Усесаюзны завочны політэхнічны інстытут,Russia,3,103.28,0,0,0,0,0,0,0,0,2,2,2,2,4,4,4,4,4,4,4,4,2,2,2,2
Université de Lausanne,Switzerland,1,195.27,0,0,0,0,0,0,2,2,2,2,4,4,4,4,4,4,4,4,2,2,2,2,0,0
Technische Universität Kaiserslautern,Germany,1,180.27,0,0,0,0,0,0,2,2,2,2,4,4,4,4,4,4,4,4,2,2,2,2,0,0
City University of New York,United States of America,-5,170.72,2,2,2,2,4,4,4,4,4,4,4,4,2,2,2,2,0,0,0,0,0,0,0,0
University of the Virgin Islands,United States of America,-4,170.72,0,2,2,2,2,4,4,4,4,4,4,4,4,2,2,2,2,0,0,0,0,0,0,0
University of Port Harcourt,Nigeria,1,52.44,0,0,0,0,0,0,2,2,2,2,4,4,4,4,4,4,4,4,2,2,2,2,0,0
Loughborough University,United Kingdom,0,161.74,0,0,0,0,0,2,2,2,2,4,4,4,4,4,4,4,4,2,2,2,2,0,0,0
Masarykova univerzita,Czech Republic,1,162.64,0,0,0,0,0,0,2,2,2,2,4,4,4,4,4,4,4,4,2,2,2,2,0,0
Universidad de Castilla-La Mancha,Spain,1,168.48,0,0,0,0,0,0,2,2,2,2,4,4,4,4,4,4,4,4,2,2,2,2,0,0
Bayero University,Nigeria,1,52.44,0,0,0,0,0,0,2,2,2,2,4,4,4,4,4,4,4,4,2,2,2,2,0,0
Azərbaycan Dövlət Tibb İnstitutu,Azerbaijan,4,104.1,2,0,0,0,0,0,0,0,0,2,2,2,2,4,4,4,4,4,4,4,4,2,2,2
Rheinische Friedrich-Wilhelms-Universität Bonn,Germany,1,180.27,0,0,0,0,0,0,2,2,2,2,4,4,4,4,4,4,4,4,2,2,2,2,0,0
Federal University Wukari,Nigeria,1,52.44,0,0,0,0,0,0,2,2,2,2,4,4,4,4,4,4,4,4,2,2,2,2,0,0
Universidade Federal de Juiz de Fora,Brazil,-3,107.04,0,0,2,2,2,2,4,4,4,4,4,4,4,4,2,2,2,2,0,0,0,0,0,0
Usumanu Danfodiyo University,Nigeria,1,52.44,0,0,0,0,0,0,2,2,2,2,4,4,4,4,4,4,4,4,2,2,2,2,0,0
Martin College,United States of America,-6,170.72,2,2,2,4,4,4,4,4,4,4,4,2,2,2,2,0,0,0,0,0,0,0,0,2
Universidade Estadual do Norte do Paraná,Brazil,-3,107.04,0,0,2,2,2,2,4,4,4,4,4,4,4,4,2,2,2,2,0,0,0,0,0,0
University of Barishal,Bangladesh,6,67.59,2,2,2,0,0,0,0,0,0,0,0,2,2,2,2,4,4,4,4,4,4,4,4,2
Hochschule Karlsruhe,Germany,1,180.27,0,0,0,0,0,0,2,2,2,2,4,4,4,4,4,4,4,4,2,2,2,2,0,0
Middle Georgia State University,United States of America,-5,170.72,2,2,2,2,4,4,4,4,4,4,4,4,2,2,2,2,0,0,0,0,0,0,0,0
Маскоўскі інстытут інжынераў сельскагаспадарчай вытворчасці,Russia,3,103.28,0,0,0,0,0,0,0,0,2,2,2,2,4,4,4,4,4,4,4,4,2,2,2,2
Federal University Dutse,Nigeria,1,52.44,0,0,0,0,0,0,2,2,2,2,4,4,4,4,4,4,4,4,2,2,2,2,0,0
"Federal University, Otuoke",Nigeria,1,52.44,0,0,0,0,0,0,2,2,2,2,4,4,4,4,4,4,4,4,2,2,2,2,0,0
Leninqrad Dəmiryol Mühəndisləri İnstitutu,Russia,3,103.28,0,0,0,0,0,0,0,0,2,2,2,2,4,4,4,4,4,4,4,4,2,2,2,2
Texas State University,United States of America,-6,170.72,2,2,2,4,4,4,4,4,4,4,4,2,2,2,2,0,0,0,0,0,0,0,0,2
Universiteit van Wes-Kaapland,South Africa,2,136.02,0,0,0,0,0,0,0,2,2,2,2,4,4,4,4,4,4,4,4,2,2,2,2,0
University of York,United Kingdom,0,161.74,0,0,0,0,0,2,2,2,2,4,4,4,4,4,4,4,4,2,2,2,2,0,0,0
AGH Université des Sciences et Technologies,Poland,1,140.02,0,0,0,0,0,0,2,2,2,2,4,4,4,4,4,4,4,4,2,2,2,2,0,0
Portsmouth and Gosport School of Science and Art,United Kingdom,0,161.74,0,0,0,0,0,2,2,2,2,4,4,4,4,4,4,4,4,2,2,2,2,0,0,0
Université libanaise,Lebanon,2,99.35,0,0,0,0,0,0,0,2,2,2,2,4,4,4,4,4,4,4,4,2,2,2,2,0
Rowan University,United States of America,-5,170.72,2,2,2,2,4,4,4,4,4,4,4,4,2,2,2,2,0,0,0,0,0,0,0,0
Middle Tennessee State University,United States of America,-6,170.72,2,2,2,4,4,4,4,4,4,4,4,2,2,2,2,0,0,0,0,0,0,0,0,2
Київський національний університет імені Тараса Шевченка,Ukraine,2,111.93,0,0,0,0,0,0,0,2,2,2,2,4,4,4,4,4,4,4,4,2,2,2,2,0
বাংলাদেশ জাতীয় বিশ্ববিদ্যালয়,Bangladesh,6,67.59,2,2,2,0,0,0,0,0,0,0,0,2,2,2,2,4,4,4,4,4,4,4,4,2
University of Delaware,United States of America,-5,170.72,2,2,2,2,4,4,4,4,4,4,4,4,2,2,2,2,0,0,0,0,0,0,0,0
Львовский государственный университет,Ukraine,2,111.93,0,0,0,0,0,0,0,2,2,2,2,4,4,4,4,4,4,4,4,2,2,2,2,0
Uniwersytet Europejski Viadrina we Frankfurcie nad Odrą,Germany,1,180.27,0,0,0,0,0,0,2,2,2,2,4,4,4,4,4,4,4,4,2,2,2,2,0,0
Egri Tanárképző Főiskola,Hungary,1,137.15,0,0,0,0,0,0,2,2,2,2,4,4,4,4,4,4,4,4,2,2,2,2,0,0
Pedagogický inštitút v Nitre,Slovakia,1,151.16,0,0,0,0,0,0,2,2,2,2,4,4,4,4,4,4,4,4,2,2,2,2,0,0
North-West University,South Africa,2,136.02,0,0,0,0,0,0,0,2,2,2,2,4,4,4,4,4,4,4,4,2,2,2,2,0
Беларуская дзяржаўная кансерваторыя,Belarus,3,108.48,0,0,0,0,0,0,0,0,2,2,2,2,4,4,4,4,4,4,4,4,2,2,2,2
West Virginia State University,United States of America,-5,170.72,2,2,2,2,4,4,4,4,4,4,4,4,2,2,2,2,0,0,0,0,0,0,0,0
Akademie der bildenden Künste Wien,Austria,1,179.16,0,0,0,0,0,0,2,2,2,2,4,4,4,4,4,4,4,4,2,2,2,2,0,0
Univerzita Karlova,Czech Republic,1,162.64,0,0,0,0,0,0,2,2,2,2,4,4,4,4,4,4,4,4,2,2,2,2,0,0
University of Ibadan,Nigeria,1,52.44,0,0,0,0,0,0,2,2,2,2,4,4,4,4,4,4,4,4,2,2,2,2,0,0
Российский экономический университет имени Г. В. Плеханова,Russia,3,103.28,0,0,0,0,0,0,0,0,2,2,2,2,4,4,4,4,4,4,4,4,2,2,2,2
Universidad Complutense de Madrid,Spain,1,168.48,0,0,0,0,0,0,2,2,2,2,4,4,4,4,4,4,4,4,2,2,2,2,0,0
Federal University Gashua,Nigeria,1,52.44,0,0,0,0,0,0,2,2,2,2,4,4,4,4,4,4,4,4,2,2,2,2,0,0
Universidad Autónoma de Madrid,Spain,1,168.48,0,0,0,0,0,0,2,2,2,2,4,4,4,4,4,4,4,4,2,2,2,2,0,0
Uniwersytet Jagielloński,Poland,1,140.02,0,0,0,0,0,0,2,2,2,2,4,4,4,4,4,4,4,4,2,2,2,2,0,0
Washington State University,United States of America,-8,170.72,2,4,4,4,4,4,4,4,4,2,2,2,2,0,0,0,0,0,0,0,0,2,2,2
Yunivesithi ya Afurika Tshipembe,South Africa,2,136.02,0,0,0,0,0,0,0,2,2,2,2,4,4,4,4,4,4,4,4,2,2,2,2,0
Алтайский государственный аграрный университет,Russia,7,103.28,2,2,2,2,0,0,0,0,0,0,0,0,2,2,2,2,4,4,4,4,4,4,4,4
Московский институт нефтехимической и газовой промышленности,Russia,3,103.28,0,0,0,0,0,0,0,0,2,2,2,2,4,4,4,4,4,4,4,4,2,2,2,2
Szkoła Główna Handlowa w Warszawie,Poland,1,140.02,0,0,0,0,0,0,2,2,2,2,4,4,4,4,4,4,4,4,2,2,2,2,0,0
Curtin University,Australia,8,183.81,4,2,2,2,2,0,0,0,0,0,0,0,0,2,2,2,2,4,4,4,4,4,4,4
Hochschule für angewandte Wissenschaften Weihenstephan-Triesdorf,Germany,1,180.27,0,0,0,0,0,0,2,2,2,2,4,4,4,4,4,4,4,4,2,2,2,2,0,0
University of Hertfordshire,United Kingdom,0,161.74,0,0,0,0,0,2,2,2,2,4,4,4,4,4,4,4,4,2,2,2,2,0,0,0
Universitat Autònoma de Barcelona,Spain,1,168.48,0,0,0,0,0,0,2,2,2,2,4,4,4,4,4,4,4,4,2,2,2,2,0,0
University of Illinois at Chicago,United States of America,-6,170.72,2,2,2,4,4,4,4,4,4,4,4,2,2,2,2,0,0,0,0,0,0,0,0,2
"Universidade Estadual Paulista ""Júlio de Mesquita Filho""",Brazil,-3,107.04,0,0,2,2,2,2,4,4,4,4,4,4,4,4,2,2,2,2,0,0,0,0,0,0
University of Cincinnati,United States of America,-5,170.72,2,2,2,2,4,4,4,4,4,4,4,4,2,2,2,2,0,0,0,0,0,0,0,0
University of Abuja,Nigeria,1,52.44,0,0,0,0,0,0,2,2,2,2,4,4,4,4,4,4,4,4,2,2,2,2,0,0
Tshwane-Universiteit vir Tegnologie,South Africa,2,136.02,0,0,0,0,0,0,0,2,2,2,2,4,4,4,4,4,4,4,4,2,2,2,2,0
Akademie für Malerei,Germany,1,180.27,0,0,0,0,0,0,2,2,2,2,4,4,4,4,4,4,4,4,2,2,2,2,0,0
Filmuniversität Babelsberg „Konrad Wolf“,Germany,1,180.27,0,0,0,0,0,0,2,2,2,2,4,4,4,4,4,4,4,4,2,2,2,2,0,0
Nigerian Army University Biu,Nigeria,1,52.44,0,0,0,0,0,0,2,2,2,2,4,4,4,4,4,4,4,4,2,2,2,2,0,0
Universidad del Atlántico,Colombia,-5,103.54,2,2,2,2,4,4,4,4,4,4,4,4,2,2,2,2,0,0,0,0,0,0,0,0
University of Uyo,Nigeria,1,52.44,0,0,0,0,0,0,2,2,2,2,4,4,4,4,4,4,4,4,2,2,2,2,0,0
Univerzita Komenského v Bratislave,Slovakia,1,151.16,0,0,0,0,0,0,2,2,2,2,4,4,4,4,4,4,4,4,2,2,2,2,0,0
Universidade Federal do ABC,Brazil,-3,107.04,0,0,2,2,2,2,4,4,4,4,4,4,4,4,2,2,2,2,0,0,0,0,0,0
Universidad Pablo de Olavide,Spain,1,168.48,0,0,0,0,0,0,2,2,2,2,4,4,4,4,4,4,4,4,2,2,2,2,0,0
Кубанский государственный аграрный университет,Russia,3,103.28,0,0,0,0,0,0,0,0,2,2,2,2,4,4,4,4,4,4,4,4,2,2,2,2
Georg-August-Universität Göttingen,Germany,1,180.27,0,0,0,0,0,0,2,2,2,2,4,4,4,4,4,4,4,4,2,2,2,2,0,0
Универзитет у Београду,Serbia,1,117.23,0,0,0,0,0,0,2,2,2,2,4,4,4,4,4,4,4,4,2,2,2,2,0,0
University of Benin,Nigeria,1,52.44,0,0,0,0,0,0,2,2,2,2,4,4,4,4,4,4,4,4,2,2,2,2,0,0
University of Maryland Global Campus,United States of America,-5,170.72,2,2,2,2,4,4,4,4,4,4,4,4,2,2,2,2,0,0,0,0,0,0,0,0
Universidade Federal Fluminense,Brazil,-3,107.04,0,0,2,2,2,2,4,4,4,4,4,4,4,4,2,2,2,2,0,0,0,0,0,0
Πανεπιστήμιο Ιωαννίνων,Greece,2,129.24,0,0,0,0,0,0,0,2,2,2,2,4,4,4,4,4,4,4,4,2,2,2,2,0
Universidad de La Laguna,Spain,0,168.48,0,0,0,0,0,2,2,2,2,4,4,4,4,4,4,4,4,2,2,2,2,0,0,0
Universitatea Regele Carol I din Cernăuți,Ukraine,2,111.93,0,0,0,0,0,0,0,2,2,2,2,4,4,4,4,4,4,4,4,2,2,2,2,0
新加坡国立大学,Singapore,8,151.59,4,2,2,2,2,0,0,0,0,0,0,0,0,2,2,2,2,4,4,4,4,4,4,4
Akademia WSB,Poland,1,140.02,0,0,0,0,0,0,2,2,2,2,4,4,4,4,4,4,4,4,2,2,2,2,0,0
강원대학교,South Korea,9,125.04,4,4,2,2,2,2,0,0,0,0,0,0,0,0,2,2,2,2,4,4,4,4,4,4
國立東華大學,Taiwan,8,140.15,4,2,2,2,2,0,0,0,0,0,0,0,0,2,2,2,2,4,4,4,4,4,4,4
Babeș–Bolyai Tudományegyetem,Romania,2,133.38,0,0,0,0,0,0,0,2,2,2,2,4,4,4,4,4,4,4,4,2,2,2,2,0
강릉원주대학교,South Korea,9,125.04,4,4,2,2,2,2,0,0,0,0,0,0,0,0,2,2,2,2,4,4,4,4,4,4
New School,United States of America,-5,170.72,2,2,2,2,4,4,4,4,4,4,4,4,2,2,2,2,0,0,0,0,0,0,0,0
České vysoké učení technické v Praze,Czech Republic,1,162.64,0,0,0,0,0,0,2,2,2,2,4,4,4,4,4,4,4,4,2,2,2,2,0,0
Ленинградский электротехнический институт им. В. И. Ульянова (Ленина),Russia,3,103.28,0,0,0,0,0,0,0,0,2,2,2,2,4,4,4,4,4,4,4,4,2,2,2,2
Горный институт в городе Екатеринбург,Russia,5,103.28,2,2,0,0,0,0,0,0,0,0,2,2,2,2,4,4,4,4,4,4,4,4,2,2
Воронежский государственный лесотехнический университет имени Г. Ф. Морозова,Russia,3,103.28,0,0,0,0,0,0,0,0,2,2,2,2,4,4,4,4,4,4,4,4,2,2,2,2
한국전통문화대학교,South Korea,9,125.04,4,4,2,2,2,2,0,0,0,0,0,0,0,0,2,2,2,2,4,4,4,4,4,4
Калужский государственный университет имени К. Э. Циолковского,Russia,3,103.28,0,0,0,0,0,0,0,0,2,2,2,2,4,4,4,4,4,4,4,4,2,2,2,2
Cartoonists and Illustrators School,United States of America,-5,170.72,2,2,2,2,4,4,4,4,4,4,4,4,2,2,2,2,0,0,0,0,0,0,0,0
津田塾大学,Japan,9,169.48,4,4,2,2,2,2,0,0,0,0,0,0,0,0,2,2,2,2,4,4,4,4,4,4
Magyar Testnevelési és Sporttudományi Egyetem,Hungary,1,137.15,0,0,0,0,0,0,2,2,2,2,4,4,4,4,4,4,4,4,2,2,2,2,0,0
Краматорскі індустрыяльны інстытут,Ukraine,2,111.93,0,0,0,0,0,0,0,2,2,2,2,4,4,4,4,4,4,4,4,2,2,2,2,0
University of Georgia,United States of America,-5,170.72,2,2,2,2,4,4,4,4,4,4,4,4,2,2,2,2,0,0,0,0,0,0,0,0
Беларускі тэхналагічны інстытут імя С. М. Кірава,Belarus,3,108.48,0,0,0,0,0,0,0,0,2,2,2,2,4,4,4,4,4,4,4,4,2,2,2,2
Варонежскі інжынерна-будаўнічы інстытут,Russia,3,103.28,0,0,0,0,0,0,0,0,2,2,2,2,4,4,4,4,4,4,4,4,2,2,2,2
Иркутский государственный университет,Russia,8,103.28,4,2,2,2,2,0,0,0,0,0,0,0,0,2,2,2,2,4,4,4,4,4,4,4
"Державний вищий навчальний заклад ""Івано-Франківський національний медичний університет""",Ukraine,2,111.93,0,0,0,0,0,0,0,2,2,2,2,4,4,4,4,4,4,4,4,2,2,2,2,0
Харківський державний інститут мистецтв ім. І. П. Котляревського,Ukraine,2,111.93,0,0,0,0,0,0,0,2,2,2,2,4,4,4,4,4,4,4,4,2,2,2,2,0
Тернопільський медичний інститут,Ukraine,2,111.93,0,0,0,0,0,0,0,2,2,2,2,4,4,4,4,4,4,4,4,2,2,2,2,0
Криворізький технічний університет,Ukraine,2,111.93,0,0,0,0,0,0,0,2,2,2,2,4,4,4,4,4,4,4,4,2,2,2,2,0
Magyar Agrár- és Élettudományi Egyetem,Hungary,1,137.15,0,0,0,0,0,0,2,2,2,2,4,4,4,4,4,4,4,4,2,2,2,2,0,0
Куйбышаўскі дзяржаўны ўніверсітэт,Russia,4,103.28,2,0,0,0,0,0,0,0,0,2,2,2,2,4,4,4,4,4,4,4,4,2,2,2
Universität Zürich,Switzerland,1,195.27,0,0,0,0,0,0,2,2,2,2,4,4,4,4,4,4,4,4,2,2,2,2,0,0
Università degli Studi di Milano-Bicocca,Italy,1,141.07,0,0,0,0,0,0,2,2,2,2,4,4,4,4,4,4,4,4,2,2,2,2,0,0
Свярдлоўская вышэйшая партыйная школа,Russia,5,103.28,2,2,0,0,0,0,0,0,0,0,2,2,2,2,4,4,4,4,4,4,4,4,2,2
Uniwersytet Ekonomiczny we Wrocławiu,Poland,1,140.02,0,0,0,0,0,0,2,2,2,2,4,4,4,4,4,4,4,4,2,2,2,2,0,0
Кубанский государственный технологический университет,Russia,3,103.28,0,0,0,0,0,0,0,0,2,2,2,2,4,4,4,4,4,4,4,4,2,2,2,2
Ульянаўскі сельскагаспадарчы інстытут,Russia,4,103.28,2,0,0,0,0,0,0,0,0,2,2,2,2,4,4,4,4,4,4,4,4,2,2,2
Арджанікідзэградскі машынабудаўнічы інстытут,Russia,3,103.28,0,0,0,0,0,0,0,0,2,2,2,2,4,4,4,4,4,4,4,4,2,2,2,2
Ленінградскі дзяржаўны інстытут культуры,Russia,3,103.28,0,0,0,0,0,0,0,0,2,2,2,2,4,4,4,4,4,4,4,4,2,2,2,2
Благовещенский сельскохозяйственный институт,Russia,9,103.28,4,4,2,2,2,2,0,0,0,0,0,0,0,0,2,2,2,2,4,4,4,4,4,4
Благовещенский медицинский институт,Russia,9,103.28,4,4,2,2,2,2,0,0,0,0,0,0,0,0,2,2,2,2,4,4,4,4,4,4
Florida Agricultural and Mechanical University,United States of America,-5,170.72,2,2,2,2,4,4,4,4,4,4,4,4,2,2,2,2,0,0,0,0,0,0,0,0
Санкт-Петербургский государственный университет промышленных технологий и дизайна,Russia,3,103.28,0,0,0,0,0,0,0,0,2,2,2,2,4,4,4,4,4,4,4,4,2,2,2,2
Одесский гидрометеорологический институт,Ukraine,2,111.93,0,0,0,0,0,0,0,2,2,2,2,4,4,4,4,4,4,4,4,2,2,2,2,0
Budapesti Református Teológiai Akadémia,Hungary,1,137.15,0,0,0,0,0,0,2,2,2,2,4,4,4,4,4,4,4,4,2,2,2,2,0,0
Institutul Politehnic „Traian Vuia” din Timișoara,Romania,2,133.38,0,0,0,0,0,0,0,2,2,2,2,4,4,4,4,4,4,4,4,2,2,2,2,0
University of Calabar,Nigeria,1,52.44,0,0,0,0,0,0,2,2,2,2,4,4,4,4,4,4,4,4,2,2,2,2,0,0
Национальный университет биоресурсов и природопользования Украины,Ukraine,2,111.93,0,0,0,0,0,0,0,2,2,2,2,4,4,4,4,4,4,4,4,2,2,2,2,0
Radboud Universiteit Nijmegen,Netherlands,1,185.38,0,0,0,0,0,0,2,2,2,2,4,4,4,4,4,4,4,4,2,2,2,2,0,0
Стерлитамакская педагогическая академия,Russia,5,103.28,2,2,0,0,0,0,0,0,0,0,2,2,2,2,4,4,4,4,4,4,4,4,2,2
Воронежский государственный педагогический университет,Russia,3,103.28,0,0,0,0,0,0,0,0,2,2,2,2,4,4,4,4,4,4,4,4,2,2,2,2
Chicago State University,United States of America,-6,170.72,2,2,2,4,4,4,4,4,4,4,4,2,2,2,2,0,0,0,0,0,0,0,0,2
Evangélikus Hittudományi Egyetem,Hungary,1,137.15,0,0,0,0,0,0,2,2,2,2,4,4,4,4,4,4,4,4,2,2,2,2,0,0
Jihočeská univerzita v Českých Budějovicích,Czech Republic,1,162.64,0,0,0,0,0,0,2,2,2,2,4,4,4,4,4,4,4,4,2,2,2,2,0,0
Hacettepe Üniversitesi Ankara Devlet Konservatuvarı,Turkey,3,124.05,0,0,0,0,0,0,0,0,2,2,2,2,4,4,4,4,4,4,4,4,2,2,2,2
Алтайский государственный гуманитарно-педагогический университет имени В. М. Шукшина,Russia,7,103.28,2,2,2,2,0,0,0,0,0,0,0,0,2,2,2,2,4,4,4,4,4,4,4,4
University of Maiduguri,Nigeria,1,52.44,0,0,0,0,0,0,2,2,2,2,4,4,4,4,4,4,4,4,2,2,2,2,0,0
Ohio University,United States of America,-5,170.72,2,2,2,2,4,4,4,4,4,4,4,4,2,2,2,2,0,0,0,0,0,0,0,0
Boston College,United States of America,-5,170.72,2,2,2,2,4,4,4,4,4,4,4,4,2,2,2,2,0,0,0,0,0,0,0,0
Towson University,United States of America,-5,170.72,2,2,2,2,4,4,4,4,4,4,4,4,2,2,2,2,0,0,0,0,0,0,0,0
帝國美術學校,Japan,9,169.48,4,4,2,2,2,2,0,0,0,0,0,0,0,0,2,2,2,2,4,4,4,4,4,4
東京都立大学,Japan,9,169.48,4,4,2,2,2,2,0,0,0,0,0,0,0,0,2,2,2,2,4,4,4,4,4,4
Гомельскі філіял Беларускага політэхнічнага інстытута,Belarus,3,108.48,0,0,0,0,0,0,0,0,2,2,2,2,4,4,4,4,4,4,4,4,2,2,2,2
Маскоўскі тарфяны інстытут,Russia,3,103.28,0,0,0,0,0,0,0,0,2,2,2,2,4,4,4,4,4,4,4,4,2,2,2,2
Мінскі дзяржаўны лінгвістычны ўніверсітэт,Belarus,3,108.48,0,0,0,0,0,0,0,0,2,2,2,2,4,4,4,4,4,4,4,4,2,2,2,2
Пермский государственный национальный исследовательский университет,Russia,5,103.28,2,2,0,0,0,0,0,0,0,0,2,2,2,2,4,4,4,4,4,4,4,4,2,2
"Instituto Tecnológico y Estudios Superiores de Monterrey, Campus en Sinaloa",Mexico,-7,124.9,2,2,4,4,4,4,4,4,4,4,2,2,2,2,0,0,0,0,0,0,0,0,2,2
Львоўскі політэхнічны інстытут,Ukraine,2,111.93,0,0,0,0,0,0,0,2,2,2,2,4,4,4,4,4,4,4,4,2,2,2,2,0
Bakı Dövlət Universiteti,Azerbaijan,4,104.1,2,0,0,0,0,0,0,0,0,2,2,2,2,4,4,4,4,4,4,4,4,2,2,2
Тернопільська академія народного господарства,Ukraine,2,111.93,0,0,0,0,0,0,0,2,2,2,2,4,4,4,4,4,4,4,4,2,2,2,2,0
Texas Woman's University,United States of America,-6,170.72,2,2,2,4,4,4,4,4,4,4,4,2,2,2,2,0,0,0,0,0,0,0,0,2
1-й Московский медицинский институт,Russia,3,103.28,0,0,0,0,0,0,0,0,2,2,2,2,4,4,4,4,4,4,4,4,2,2,2,2
Московский педагогический государственный университет,Russia,3,103.28,0,0,0,0,0,0,0,0,2,2,2,2,4,4,4,4,4,4,4,4,2,2,2,2
Уральский государственный университет имени А. М. Горького,Russia,5,103.28,2,2,0,0,0,0,0,0,0,0,2,2,2,2,4,4,4,4,4,4,4,4,2,2
Ленинградский технологический институт,Russia,3,103.28,0,0,0,0,0,0,0,0,2,2,2,2,4,4,4,4,4,4,4,4,2,2,2,2
Витебский учительский институт,Belarus,3,108.48,0,0,0,0,0,0,0,0,2,2,2,2,4,4,4,4,4,4,4,4,2,2,2,2
Літоўская акадэмія музыкі,Lithuania,2,161.84,0,0,0,0,0,0,0,2,2,2,2,4,4,4,4,4,4,4,4,2,2,2,2,0
Смаленскі дзяржаўны педагагічны інстытут,Russia,3,103.28,0,0,0,0,0,0,0,0,2,2,2,2,4,4,4,4,4,4,4,4,2,2,2,2
Императорский Клинический институт,Russia,3,103.28,0,0,0,0,0,0,0,0,2,2,2,2,4,4,4,4,4,4,4,4,2,2,2,2
Санкт-Петербургский химико-фармацевтический институт,Russia,3,103.28,0,0,0,0,0,0,0,0,2,2,2,2,4,4,4,4,4,4,4,4,2,2,2,2
"Instituto Tecnológico y Estudios Superiores de Monterrey, Campus en Tampico",Mexico,-6,124.9,2,2,2,4,4,4,4,4,4,4,4,2,2,2,2,0,0,0,0,0,0,0,0,2
Abia State University,Nigeria,1,52.44,0,0,0,0,0,0,2,2,2,2,4,4,4,4,4,4,4,4,2,2,2,2,0,0
Állatorvostudományi Egyetem,Hungary,1,137.15,0,0,0,0,0,0,2,2,2,2,4,4,4,4,4,4,4,4,2,2,2,2,0,0
Вологодский государственный педагогический институт,Russia,3,103.28,0,0,0,0,0,0,0,0,2,2,2,2,4,4,4,4,4,4,4,4,2,2,2,2
Ленинградский государственный аграрный университет,Russia,3,103.28,0,0,0,0,0,0,0,0,2,2,2,2,4,4,4,4,4,4,4,4,2,2,2,2
Federal University of Technology Minna,Nigeria,1,52.44,0,0,0,0,0,0,2,2,2,2,4,4,4,4,4,4,4,4,2,2,2,2,0,0
Харьковский инженерно-строительный  институт,Ukraine,2,111.93,0,0,0,0,0,0,0,2,2,2,2,4,4,4,4,4,4,4,4,2,2,2,2,0
Janáčkova akademie múzických umění,Czech Republic,1,162.64,0,0,0,0,0,0,2,2,2,2,4,4,4,4,4,4,4,4,2,2,2,2,0,0
University of Jos,Nigeria,1,52.44,0,0,0,0,0,0,2,2,2,2,4,4,4,4,4,4,4,4,2,2,2,2,0,0
山梨県立大学,Japan,9,169.48,4,4,2,2,2,2,0,0,0,0,0,0,0,0,2,2,2,2,4,4,4,4,4,4
"Instituto Tecnológico y Estudios Superiores de Monterrey, Campus Central de Veracruz",Mexico,-6,124.9,2,2,2,4,4,4,4,4,4,4,4,2,2,2,2,0,0,0,0,0,0,0,0,2
Данскі політэхнічны інстытут,Russia,3,103.28,0,0,0,0,0,0,0,0,2,2,2,2,4,4,4,4,4,4,4,4,2,2,2,2
静岡県立大学,Japan,9,169.48,4,4,2,2,2,2,0,0,0,0,0,0,0,0,2,2,2,2,4,4,4,4,4,4
Lapin yliopisto,Finland,2,184.96,0,0,0,0,0,0,0,2,2,2,2,4,4,4,4,4,4,4,4,2,2,2,2,0
Днепропетровский химико-технологический институт,Ukraine,2,111.93,0,0,0,0,0,0,0,2,2,2,2,4,4,4,4,4,4,4,4,2,2,2,2,0
Казахский технологический институт,Kazakhstan,6,93.77,2,2,2,0,0,0,0,0,0,0,0,2,2,2,2,4,4,4,4,4,4,4,4,2
Metropolitanuniversität Oslo,Norway,1,176.39,0,0,0,0,0,0,2,2,2,2,4,4,4,4,4,4,4,4,2,2,2,2,0,0
"Instituto Tecnológico y Estudios Superiores de Monterrey, Campus en el Estado de México",Mexico,-6,124.9,2,2,2,4,4,4,4,4,4,4,4,2,2,2,2,0,0,0,0,0,0,0,0,2
Санкт-Петербургский государственный морской технический университет,Russia,3,103.28,0,0,0,0,0,0,0,0,2,2,2,2,4,4,4,4,4,4,4,4,2,2,2,2
Латвийская медицинская академия,Latvia,2,150.81,0,0,0,0,0,0,0,2,2,2,2,4,4,4,4,4,4,4,4,2,2,2,2,0
Lappeenrannan–Lahden teknillinen yliopisto LUT,Finland,2,184.96,0,0,0,0,0,0,0,2,2,2,2,4,4,4,4,4,4,4,4,2,2,2,2,0
Санкт-Петербургский государственный архитектурно-строительный университет,Russia,3,103.28,0,0,0,0,0,0,0,0,2,2,2,2,4,4,4,4,4,4,4,4,2,2,2,2
"Università degli Studi di Enna ""Kore""",Italy,1,141.07,0,0,0,0,0,0,2,2,2,2,4,4,4,4,4,4,4,4,2,2,2,2,0,0
Пензенский педагогический институт,Russia,3,103.28,0,0,0,0,0,0,0,0,2,2,2,2,4,4,4,4,4,4,4,4,2,2,2,2
Calvin College,United States of America,-5,170.72,2,2,2,2,4,4,4,4,4,4,4,4,2,2,2,2,0,0,0,0,0,0,0,0
Benue State University,Nigeria,1,52.44,0,0,0,0,0,0,2,2,2,2,4,4,4,4,4,4,4,4,2,2,2,2,0,0
Federal University Oye Ekiti,Nigeria,1,52.44,0,0,0,0,0,0,2,2,2,2,4,4,4,4,4,4,4,4,2,2,2,2,0,0
Сярэдня-Волжскі індустрыяльны інстытут,Russia,4,103.28,2,0,0,0,0,0,0,0,0,2,2,2,2,4,4,4,4,4,4,4,4,2,2,2
Bethune–Cookman University,United States of America,-5,170.72,2,2,2,2,4,4,4,4,4,4,4,4,2,2,2,2,0,0,0,0,0,0,0,0
Universidad Icesi,Colombia,-5,103.54,2,2,2,2,4,4,4,4,4,4,4,4,2,2,2,2,0,0,0,0,0,0,0,0
Целиноградский сельскохозяйственный институт,Kazakhstan,6,93.77,2,2,2,0,0,0,0,0,0,0,0,2,2,2,2,4,4,4,4,4,4,4,4,2
Московский архитектурный институт,Russia,3,103.28,0,0,0,0,0,0,0,0,2,2,2,2,4,4,4,4,4,4,4,4,2,2,2,2
Запорізький національний університет,Ukraine,2,111.93,0,0,0,0,0,0,0,2,2,2,2,4,4,4,4,4,4,4,4,2,2,2,2,0
Полтавський інститут народної освіти,Ukraine,2,111.93,0,0,0,0,0,0,0,2,2,2,2,4,4,4,4,4,4,4,4,2,2,2,2,0
Вятское сельскохозяйственное техническое училище,Russia,3,103.28,0,0,0,0,0,0,0,0,2,2,2,2,4,4,4,4,4,4,4,4,2,2,2,2
Владимирский институт народного образования,Russia,3,103.28,0,0,0,0,0,0,0,0,2,2,2,2,4,4,4,4,4,4,4,4,2,2,2,2
Маскоўскі авіяцыйны тэхналагічны інстытут,Russia,3,103.28,0,0,0,0,0,0,0,0,2,2,2,2,4,4,4,4,4,4,4,4,2,2,2,2
Кемеровский государственный медицинский университет,Russia,7,103.28,2,2,2,2,0,0,0,0,0,0,0,0,2,2,2,2,4,4,4,4,4,4,4,4
Паволжскі лесатэхнічны інстытут імя М. Горкага,Russia,3,103.28,0,0,0,0,0,0,0,0,2,2,2,2,4,4,4,4,4,4,4,4,2,2,2,2
"Балаковский институт техники, технологии и управления",Russia,4,103.28,2,0,0,0,0,0,0,0,0,2,2,2,2,4,4,4,4,4,4,4,4,2,2,2
Кіраўскі дзяржаўны педагагічны інстытут імя У. І. Леніна,Russia,3,103.28,0,0,0,0,0,0,0,0,2,2,2,2,4,4,4,4,4,4,4,4,2,2,2,2
Горкаўскі медыцынскі інстытут імя С. М. Кірава,Russia,3,103.28,0,0,0,0,0,0,0,0,2,2,2,2,4,4,4,4,4,4,4,4,2,2,2,2
Іванаўскі сельскагаспадарчы інстытут,Russia,3,103.28,0,0,0,0,0,0,0,0,2,2,2,2,4,4,4,4,4,4,4,4,2,2,2,2
Воронежский государственный медицинский университет им. Н. Н. Бурденко,Russia,3,103.28,0,0,0,0,0,0,0,0,2,2,2,2,4,4,4,4,4,4,4,4,2,2,2,2
Горкаўскі інжынерна-будаўнічы інстытут,Russia,3,103.28,0,0,0,0,0,0,0,0,2,2,2,2,4,4,4,4,4,4,4,4,2,2,2,2
Красноярский государственный аграрный университет,Russia,7,103.28,2,2,2,2,0,0,0,0,0,0,0,0,2,2,2,2,4,4,4,4,4,4,4,4
Pedagogical University of Cracow,Poland,1,140.02,0,0,0,0,0,0,2,2,2,2,4,4,4,4,4,4,4,4,2,2,2,2,0,0
"California State University, East Bay",United States of America,-8,170.72,2,4,4,4,4,4,4,4,4,2,2,2,2,0,0,0,0,0,0,0,0,2,2,2
Αθήνησι Εθνικόν και Καποδιστριακόν Πανεπιστήμιον,Greece,2,129.24,0,0,0,0,0,0,0,2,2,2,2,4,4,4,4,4,4,4,4,2,2,2,2,0
Беларускі нацыянальны тэхнічны ўніверсітэт,Belarus,3,108.48,0,0,0,0,0,0,0,0,2,2,2,2,4,4,4,4,4,4,4,4,2,2,2,2
Liszt Ferenc Zeneművészeti Egyetem,Hungary,1,137.15,0,0,0,0,0,0,2,2,2,2,4,4,4,4,4,4,4,4,2,2,2,2,0,0
上海交通大学,People's Republic of China,8,105.07,4,2,2,2,2,0,0,0,0,0,0,0,0,2,2,2,2,4,4,4,4,4,4,4
Политехнический институт Особого района Восточных провинций,People's Republic of China,8,105.07,4,2,2,2,2,0,0,0,0,0,0,0,0,2,2,2,2,4,4,4,4,4,4,4
Iparművészeti Akadémia,Hungary,1,137.15,0,0,0,0,0,0,2,2,2,2,4,4,4,4,4,4,4,4,2,2,2,2,0,0
Ion Andreescu Képzőművészeti Intézet,Romania,2,133.38,0,0,0,0,0,0,0,2,2,2,2,4,4,4,4,4,4,4,4,2,2,2,2,0
Балтыйскі федэральны ўніверсітэт імя Імануіла Канта,Russia,2,103.28,0,0,0,0,0,0,0,2,2,2,2,4,4,4,4,4,4,4,4,2,2,2,2,0
Illinois Institute of Technology,United States of America,-6,170.72,2,2,2,4,4,4,4,4,4,4,4,2,2,2,2,0,0,0,0,0,0,0,0,2
Universitaire Faculteiten Sint-Aloysius,Belgium,1,151.86,0,0,0,0,0,0,2,2,2,2,4,4,4,4,4,4,4,4,2,2,2,2,0,0
Удмуртский государственный педагогический институт,Russia,4,103.28,2,0,0,0,0,0,0,0,0,2,2,2,2,4,4,4,4,4,4,4,4,2,2,2
Bowdoin College,United States of America,-5,170.72,2,2,2,2,4,4,4,4,4,4,4,4,2,2,2,2,0,0,0,0,0,0,0,0
Bryn Mawr College,United States of America,-5,170.72,2,2,2,2,4,4,4,4,4,4,4,4,2,2,2,2,0,0,0,0,0,0,0,0
Pannon Egyetem,Hungary,1,137.15,0,0,0,0,0,0,2,2,2,2,4,4,4,4,4,4,4,4,2,2,2,2,0,0
Kaposvári Egyetem,Hungary,1,137.15,0,0,0,0,0,0,2,2,2,2,4,4,4,4,4,4,4,4,2,2,2,2,0,0
Budapesti Orvostudományi Egyetem,Hungary,1,137.15,0,0,0,0,0,0,2,2,2,2,4,4,4,4,4,4,4,4,2,2,2,2,0,0
Харьковский государственный университет питания и торговли,Ukraine,2,111.93,0,0,0,0,0,0,0,2,2,2,2,4,4,4,4,4,4,4,4,2,2,2,2,0
Брестский инженерно-строительный институт,Belarus,3,108.48,0,0,0,0,0,0,0,0,2,2,2,2,4,4,4,4,4,4,4,4,2,2,2,2
Иркутская государственная сельскохозяйственная академия,Russia,8,103.28,4,2,2,2,2,0,0,0,0,0,0,0,0,2,2,2,2,4,4,4,4,4,4,4
Даугавпилсский государственный учительский институт,Latvia,2,150.81,0,0,0,0,0,0,0,2,2,2,2,4,4,4,4,4,4,4,4,2,2,2,2,0
Lehigh University,United States of America,-5,170.72,2,2,2,2,4,4,4,4,4,4,4,4,2,2,2,2,0,0,0,0,0,0,0,0
Томский педагогический институт,Russia,7,103.28,2,2,2,2,0,0,0,0,0,0,0,0,2,2,2,2,4,4,4,4,4,4,4,4
"Ave Maria University, Piyanko",Nigeria,1,52.44,0,0,0,0,0,0,2,2,2,2,4,4,4,4,4,4,4,4,2,2,2,2,0,0
University of Johannesburg,South Africa,2,136.02,0,0,0,0,0,0,0,2,2,2,2,4,4,4,4,4,4,4,4,2,2,2,2,0
University of Lagos,Nigeria,1,52.44,0,0,0,0,0,0,2,2,2,2,4,4,4,4,4,4,4,4,2,2,2,2,0,0
Растоўскі педагагічны інстытут,Russia,3,103.28,0,0,0,0,0,0,0,0,2,2,2,2,4,4,4,4,4,4,4,4,2,2,2,2
Академия теоретических знаний,Ukraine,2,111.93,0,0,0,0,0,0,0,2,2,2,2,4,4,4,4,4,4,4,4,2,2,2,2,0
Leninqrad Mexanika İnstitutu,Russia,3,103.28,0,0,0,0,0,0,0,0,2,2,2,2,4,4,4,4,4,4,4,4,2,2,2,2
Università del Litorale,Slovenia,1,169.04,0,0,0,0,0,0,2,2,2,2,4,4,4,4,4,4,4,4,2,2,2,2,0,0
Mudiame University,Nigeria,1,52.44,0,0,0,0,0,0,2,2,2,2,4,4,4,4,4,4,4,4,2,2,2,2,0,0
Vysoká škola chemicko-technologická v Praze,Czech Republic,1,162.64,0,0,0,0,0,0,2,2,2,2,4,4,4,4,4,4,4,4,2,2,2,2,0,0
Al-Istiqama University,Nigeria,1,52.44,0,0,0,0,0,0,2,2,2,2,4,4,4,4,4,4,4,4,2,2,2,2,0,0
Szegedi Tudományegyetem,Hungary,1,137.15,0,0,0,0,0,0,2,2,2,2,4,4,4,4,4,4,4,4,2,2,2,2,0,0
Разанскі дзяржаўны радыётэхнічны інстытут,Russia,3,103.28,0,0,0,0,0,0,0,0,2,2,2,2,4,4,4,4,4,4,4,4,2,2,2,2
Česká technická vysoká škola Františka Josefa v Brně,Czech Republic,1,162.64,0,0,0,0,0,0,2,2,2,2,4,4,4,4,4,4,4,4,2,2,2,2,0,0
Latvijas Augstskola,Latvia,2,150.81,0,0,0,0,0,0,0,2,2,2,2,4,4,4,4,4,4,4,4,2,2,2,2,0
Jyväskylän yliopisto,Finland,2,184.96,0,0,0,0,0,0,0,2,2,2,2,4,4,4,4,4,4,4,4,2,2,2,2,0
Пензенская сельскохозяйственная академия,Russia,3,103.28,0,0,0,0,0,0,0,0,2,2,2,2,4,4,4,4,4,4,4,4,2,2,2,2
Univerzita Palackého v Olomouci,Czech Republic,1,162.64,0,0,0,0,0,0,2,2,2,2,4,4,4,4,4,4,4,4,2,2,2,2,0,0
College of St. Mary of the Springs,United States of America,-5,170.72,2,2,2,2,4,4,4,4,4,4,4,4,2,2,2,2,0,0,0,0,0,0,0,0
Куйбышаўскі інжынерна-будаўнічы інстытут імя А. І. Мікаяна,Russia,4,103.28,2,0,0,0,0,0,0,0,0,2,2,2,2,4,4,4,4,4,4,4,4,2,2,2
나사렛대학교,South Korea,9,125.04,4,4,2,2,2,2,0,0,0,0,0,0,0,0,2,2,2,2,4,4,4,4,4,4
Nigerian Defence Academy,Nigeria,1,52.44,0,0,0,0,0,0,2,2,2,2,4,4,4,4,4,4,4,4,2,2,2,2,0,0
City College of New York,United States of America,-5,170.72,2,2,2,2,4,4,4,4,4,4,4,4,2,2,2,2,0,0,0,0,0,0,0,0
Чернівецький медичний інститут,Ukraine,2,111.93,0,0,0,0,0,0,0,2,2,2,2,4,4,4,4,4,4,4,4,2,2,2,2,0
Közlekedési és Távközlési Műszaki Főiskola,Hungary,1,137.15,0,0,0,0,0,0,2,2,2,2,4,4,4,4,4,4,4,4,2,2,2,2,0,0
Воронежский государственный университет,Russia,3,103.28,0,0,0,0,0,0,0,0,2,2,2,2,4,4,4,4,4,4,4,4,2,2,2,2
Université catholique de Louvain - Katholieke Hogeschool te Leuven,Belgium,1,151.86,0,0,0,0,0,0,2,2,2,2,4,4,4,4,4,4,4,4,2,2,2,2,0,0
"Instituto Tecnológico y Estudios Superiores de Monterrey, Campus en Ciudad Obregón",Mexico,-7,124.9,2,2,4,4,4,4,4,4,4,4,2,2,2,2,0,0,0,0,0,0,0,0,2,2
Оренбургская сельскохозяйственная академия,Russia,5,103.28,2,2,0,0,0,0,0,0,0,0,2,2,2,2,4,4,4,4,4,4,4,4,2,2
Мінская вышэйшая школа МУС СССР,Belarus,3,108.48,0,0,0,0,0,0,0,0,2,2,2,2,4,4,4,4,4,4,4,4,2,2,2,2
Восточно-Казахстанский технический университет,Kazakhstan,6,93.77,2,2,2,0,0,0,0,0,0,0,0,2,2,2,2,4,4,4,4,4,4,4,4,2
Беларуская медыцынская акадэмія паслядыпломнай адукацыі,Belarus,3,108.48,0,0,0,0,0,0,0,0,2,2,2,2,4,4,4,4,4,4,4,4,2,2,2,2
Вінницький педагогічний інститут,Ukraine,2,111.93,0,0,0,0,0,0,0,2,2,2,2,4,4,4,4,4,4,4,4,2,2,2,2,0
Гур’еўскі педагагічны інстытут,Kazakhstan,5,93.77,2,2,0,0,0,0,0,0,0,0,2,2,2,2,4,4,4,4,4,4,4,4,2,2
Бранскі дзяржаўны педагагічны інстытут імя акадэміка І. Г. Пятроўскага,Russia,3,103.28,0,0,0,0,0,0,0,0,2,2,2,2,4,4,4,4,4,4,4,4,2,2,2,2
Маскоўская ветэрынарная акадэмія,Russia,3,103.28,0,0,0,0,0,0,0,0,2,2,2,2,4,4,4,4,4,4,4,4,2,2,2,2
Ваенная інжынерная акадэмія імя Ф. Э. Дзяржынскага,Russia,3,103.28,0,0,0,0,0,0,0,0,2,2,2,2,4,4,4,4,4,4,4,4,2,2,2,2
Дагестанский государственный университет,Russia,3,103.28,0,0,0,0,0,0,0,0,2,2,2,2,4,4,4,4,4,4,4,4,2,2,2,2
Новасібірская дзяржаўная медыцынская акадэмія,Russia,7,103.28,2,2,2,2,0,0,0,0,0,0,0,0,2,2,2,2,4,4,4,4,4,4,4,4
神戸松蔭女子学院大学,Japan,9,169.48,4,4,2,2,2,2,0,0,0,0,0,0,0,0,2,2,2,2,4,4,4,4,4,4
Архангельскі лесатэхнічны інстытут,Russia,3,103.28,0,0,0,0,0,0,0,0,2,2,2,2,4,4,4,4,4,4,4,4,2,2,2,2
Воронежский государственный технический университет,Russia,3,103.28,0,0,0,0,0,0,0,0,2,2,2,2,4,4,4,4,4,4,4,4,2,2,2,2
"Белгородский университет кооперации, экономики и права",Russia,3,103.28,0,0,0,0,0,0,0,0,2,2,2,2,4,4,4,4,4,4,4,4,2,2,2,2
Днепрапятроўскі медыцынскі інстытут,Ukraine,2,111.93,0,0,0,0,0,0,0,2,2,2,2,4,4,4,4,4,4,4,4,2,2,2,2,0
Ивановский государственный университет,Russia,3,103.28,0,0,0,0,0,0,0,0,2,2,2,2,4,4,4,4,4,4,4,4,2,2,2,2
Волжская государственная академия водного транспорта,Russia,3,103.28,0,0,0,0,0,0,0,0,2,2,2,2,4,4,4,4,4,4,4,4,2,2,2,2
Куйбышевский плановый институт,Russia,4,103.28,2,0,0,0,0,0,0,0,0,2,2,2,2,4,4,4,4,4,4,4,4,2,2,2
Маскоўскі дзяржаўны бібліятэчны інстытут,Russia,3,103.28,0,0,0,0,0,0,0,0,2,2,2,2,4,4,4,4,4,4,4,4,2,2,2,2
Ленинградский педиатрический медицинский институт,Russia,3,103.28,0,0,0,0,0,0,0,0,2,2,2,2,4,4,4,4,4,4,4,4,2,2,2,2
Восточно-Казахстанский государственный университет,Kazakhstan,6,93.77,2,2,2,0,0,0,0,0,0,0,0,2,2,2,2,4,4,4,4,4,4,4,4,2
Всероссийский заочный институт инженеров железнодорожного транспорта,Russia,3,103.28,0,0,0,0,0,0,0,0,2,2,2,2,4,4,4,4,4,4,4,4,2,2,2,2
Тверской государственный университет,Russia,3,103.28,0,0,0,0,0,0,0,0,2,2,2,2,4,4,4,4,4,4,4,4,2,2,2,2
Московский государственный университет тонких химических технологий имени М. В. Ломоносова,Russia,3,103.28,0,0,0,0,0,0,0,0,2,2,2,2,4,4,4,4,4,4,4,4,2,2,2,2
Горьковский педагогический институт,Russia,3,103.28,0,0,0,0,0,0,0,0,2,2,2,2,4,4,4,4,4,4,4,4,2,2,2,2
Всероссийский государственный университет юстиции,Russia,4,103.28,2,0,0,0,0,0,0,0,0,2,2,2,2,4,4,4,4,4,4,4,4,2,2,2
Сибирский университет потребительской кооперации,Russia,7,103.28,2,2,2,2,0,0,0,0,0,0,0,0,2,2,2,2,4,4,4,4,4,4,4,4
Куйбышевский авиационный институт,Russia,4,103.28,2,0,0,0,0,0,0,0,0,2,2,2,2,4,4,4,4,4,4,4,4,2,2,2
Днепрапятроўскі інжынерна-будаўнічы інстытут,Ukraine,2,111.93,0,0,0,0,0,0,0,2,2,2,2,4,4,4,4,4,4,4,4,2,2,2,2,0
Цалінаградскі дзяржаўны медыцынскі інстытут,Kazakhstan,6,93.77,2,2,2,0,0,0,0,0,0,0,0,2,2,2,2,4,4,4,4,4,4,4,4,2
Мордовский агропедагогический институт,Russia,3,103.28,0,0,0,0,0,0,0,0,2,2,2,2,4,4,4,4,4,4,4,4,2,2,2,2
Паўночна-Асецінскі педагагічны інстытут,Russia,3,103.28,0,0,0,0,0,0,0,0,2,2,2,2,4,4,4,4,4,4,4,4,2,2,2,2
Карело-Финский государственный университет,Russia,3,103.28,0,0,0,0,0,0,0,0,2,2,2,2,4,4,4,4,4,4,4,4,2,2,2,2
Казанский медицинский институт,Russia,3,103.28,0,0,0,0,0,0,0,0,2,2,2,2,4,4,4,4,4,4,4,4,2,2,2,2
Ставропольская государственная медицинская академия,Russia,3,103.28,0,0,0,0,0,0,0,0,2,2,2,2,4,4,4,4,4,4,4,4,2,2,2,2
Саратаўскі політэхнічны інстытут,Russia,4,103.28,2,0,0,0,0,0,0,0,0,2,2,2,2,4,4,4,4,4,4,4,4,2,2,2
Свердловский правовой институт,Russia,5,103.28,2,2,0,0,0,0,0,0,0,0,2,2,2,2,4,4,4,4,4,4,4,4,2,2
Universidad Ean,Colombia,-5,103.54,2,2,2,2,4,4,4,4,4,4,4,4,2,2,2,2,0,0,0,0,0,0,0,0
Архангельскі дзяржаўны медыцынскі інстытут,Russia,3,103.28,0,0,0,0,0,0,0,0,2,2,2,2,4,4,4,4,4,4,4,4,2,2,2,2
Universidad de Sta. Isabel,Philippines,8,83.74,4,2,2,2,2,0,0,0,0,0,0,0,0,2,2,2,2,4,4,4,4,4,4,4
Северо-Западный заочный политехнический институт,Russia,3,103.28,0,0,0,0,0,0,0,0,2,2,2,2,4,4,4,4,4,4,4,4,2,2,2,2
2-і Маскоўскі дзяржаўны медыцынскі інстытут,Russia,3,103.28,0,0,0,0,0,0,0,0,2,2,2,2,4,4,4,4,4,4,4,4,2,2,2,2
Budapesti Corvinus Egyetem,Hungary,1,137.15,0,0,0,0,0,0,2,2,2,2,4,4,4,4,4,4,4,4,2,2,2,2,0,0
Federal University of Agriculture,Nigeria,1,52.44,0,0,0,0,0,0,2,2,2,2,4,4,4,4,4,4,4,4,2,2,2,2,0,0
Маскоўскае вышэйшае мастацка-прамысловае вучылішча,Russia,3,103.28,0,0,0,0,0,0,0,0,2,2,2,2,4,4,4,4,4,4,4,4,2,2,2,2
Texas A&M University–Kingsville,United States of America,-6,170.72,2,2,2,4,4,4,4,4,4,4,4,2,2,2,2,0,0,0,0,0,0,0,0,2
Federal University of  Lafia,Nigeria,1,52.44,0,0,0,0,0,0,2,2,2,2,4,4,4,4,4,4,4,4,2,2,2,2,0,0
1-й Харьковский государственный медицинский институт,Ukraine,2,111.93,0,0,0,0,0,0,0,2,2,2,2,4,4,4,4,4,4,4,4,2,2,2,2,0
Budapesti Metropolitan Egyetem,Hungary,1,137.15,0,0,0,0,0,0,2,2,2,2,4,4,4,4,4,4,4,4,2,2,2,2,0,0
Центральноукраїнський державний педагогічний університет імені Володимира Винниченка,Ukraine,2,111.93,0,0,0,0,0,0,0,2,2,2,2,4,4,4,4,4,4,4,4,2,2,2,2,0
Сібірскі лясны інстытут,Russia,7,103.28,2,2,2,2,0,0,0,0,0,0,0,0,2,2,2,2,4,4,4,4,4,4,4,4
Ярославский государственный университет им. П. Г. Демидова,Russia,3,103.28,0,0,0,0,0,0,0,0,2,2,2,2,4,4,4,4,4,4,4,4,2,2,2,2
Ворошиловский зооветеринарный институт,Russia,3,103.28,0,0,0,0,0,0,0,0,2,2,2,2,4,4,4,4,4,4,4,4,2,2,2,2
Országos Rabbiképző – Zsidó Egyetem,Hungary,1,137.15,0,0,0,0,0,0,2,2,2,2,4,4,4,4,4,4,4,4,2,2,2,2,0,0
Sugiyama Jogakuen University,Japan,9,169.48,4,4,2,2,2,2,0,0,0,0,0,0,0,0,2,2,2,2,4,4,4,4,4,4
Московский государственный университет имени М. В. Ломоносова,Russia,3,103.28,0,0,0,0,0,0,0,0,2,2,2,2,4,4,4,4,4,4,4,4,2,2,2,2
Рязанский государственный медицинский университет имени академика И. П. Павлова,Russia,3,103.28,0,0,0,0,0,0,0,0,2,2,2,2,4,4,4,4,4,4,4,4,2,2,2,2
"Curtin University, Malaysia",Malaysia,8,117.98,4,2,2,2,2,0,0,0,0,0,0,0,0,2,2,2,2,4,4,4,4,4,4,4
Uniwersytet Zielonogórski,Poland,1,140.02,0,0,0,0,0,0,2,2,2,2,4,4,4,4,4,4,4,4,2,2,2,2,0,0
"Vysoká škola obchodní v Praze, o.p.s.",Czech Republic,1,162.64,0,0,0,0,0,0,2,2,2,2,4,4,4,4,4,4,4,4,2,2,2,2,0,0
Faculté universitaire Saint-Louis,Belgium,1,151.86,0,0,0,0,0,0,2,2,2,2,4,4,4,4,4,4,4,4,2,2,2,2,0,0
Троицкий ветеринарный институт,Russia,5,103.28,2,2,0,0,0,0,0,0,0,0,2,2,2,2,4,4,4,4,4,4,4,4,2,2
Πάντειο Πανεπιστήμιο Κοινωνικών και Πολιτικών Επιστημών,Greece,2,129.24,0,0,0,0,0,0,0,2,2,2,2,4,4,4,4,4,4,4,4,2,2,2,2,0
Dominican University,United States of America,-6,170.72,2,2,2,4,4,4,4,4,4,4,4,2,2,2,2,0,0,0,0,0,0,0,0,2
Universiteit Leiden,Netherlands,1,185.38,0,0,0,0,0,0,2,2,2,2,4,4,4,4,4,4,4,4,2,2,2,2,0,0
Алтайский государственный педагогический университет,Russia,7,103.28,2,2,2,2,0,0,0,0,0,0,0,0,2,2,2,2,4,4,4,4,4,4,4,4
University of Ilorin,Nigeria,1,52.44,0,0,0,0,0,0,2,2,2,2,4,4,4,4,4,4,4,4,2,2,2,2,0,0
多摩大学,Japan,9,169.48,4,4,2,2,2,2,0,0,0,0,0,0,0,0,2,2,2,2,4,4,4,4,4,4
IT-højskolen i København,Denmark,1,192.36,0,0,0,0,0,0,2,2,2,2,4,4,4,4,4,4,4,4,2,2,2,2,0,0
Саратовская государственная академия права,Russia,4,103.28,2,0,0,0,0,0,0,0,0,2,2,2,2,4,4,4,4,4,4,4,4,2,2,2
Акадэмія кіравання пры Прэзідэнце Рэспублікі Беларусь,Belarus,3,108.48,0,0,0,0,0,0,0,0,2,2,2,2,4,4,4,4,4,4,4,4,2,2,2,2
Pontificia y Real Universidad de Santa Catalina,Spain,1,168.48,0,0,0,0,0,0,2,2,2,2,4,4,4,4,4,4,4,4,2,2,2,2,0,0
Marosvásárhelyi Művészeti Egyetem,Romania,2,133.38,0,0,0,0,0,0,0,2,2,2,2,4,4,4,4,4,4,4,4,2,2,2,2,0
Thomas More University,United States of America,-5,170.72,2,2,2,2,4,4,4,4,4,4,4,4,2,2,2,2,0,0,0,0,0,0,0,0
"University of Nigeria, Nsukka",Nigeria,1,52.44,0,0,0,0,0,0,2,2,2,2,4,4,4,4,4,4,4,4,2,2,2,2,0,0
Московский государственный лингвистический университет,Russia,3,103.28,0,0,0,0,0,0,0,0,2,2,2,2,4,4,4,4,4,4,4,4,2,2,2,2
Augsburg University,United States of America,-6,170.72,2,2,2,4,4,4,4,4,4,4,4,2,2,2,2,0,0,0,0,0,0,0,0,2
یُونِیوَرسِٹی آف گُجرات,Pakistan,5,102.57,2,2,0,0,0,0,0,0,0,0,2,2,2,2,4,4,4,4,4,4,4,4,2,2
Northwestern University,United States of America,-6,170.72,2,2,2,4,4,4,4,4,4,4,4,2,2,2,2,0,0,0,0,0,0,0,0,2
Уральскі электрамеханічны інстытут інжынераў чыгуначнага транспарту,Russia,5,103.28,2,2,0,0,0,0,0,0,0,0,2,2,2,2,4,4,4,4,4,4,4,4,2,2
"Universidad de Artes, Ciencias y Comunicación",Chile,-3,100.15,0,0,2,2,2,2,4,4,4,4,4,4,4,4,2,2,2,2,0,0,0,0,0,0
Gallatin School of Individualized Study,United States of America,-5,170.72,2,2,2,2,4,4,4,4,4,4,4,4,2,2,2,2,0,0,0,0,0,0,0,0
Budapesti Műszaki és Gazdaságtudományi Egyetem,Hungary,1,137.15,0,0,0,0,0,0,2,2,2,2,4,4,4,4,4,4,4,4,2,2,2,2,0,0
Universidade Portucalense Infante D. Henrique,Portugal,0,162.52,0,0,0,0,0,2,2,2,2,4,4,4,4,4,4,4,4,2,2,2,2,0,0,0
成都学院,People's Republic of China,8,105.07,4,2,2,2,2,0,0,0,0,0,0,0,0,2,2,2,2,4,4,4,4,4,4,4
Akademia Sztuk Pięknych w Poznaniu,Poland,1,140.02,0,0,0,0,0,0,2,2,2,2,4,4,4,4,4,4,4,4,2,2,2,2,0,0
Навчально-консультаційний пункт Львівського торгово-економічного інституту,Ukraine,2,111.93,0,0,0,0,0,0,0,2,2,2,2,4,4,4,4,4,4,4,4,2,2,2,2,0
University of Balochistan,Pakistan,5,102.57,2,2,0,0,0,0,0,0,0,0,2,2,2,2,4,4,4,4,4,4,4,4,2,2
"Instituto Tecnológico y Estudios Superiores de Monterrey, Campus en Morelia",Mexico,-6,124.9,2,2,2,4,4,4,4,4,4,4,4,2,2,2,2,0,0,0,0,0,0,0,0,2
Universitetet i Tromsø – Norges arktiske universitet,Norway,1,176.39,0,0,0,0,0,0,2,2,2,2,4,4,4,4,4,4,4,4,2,2,2,2,0,0
Yukon College,Canada,-7,160.38,2,2,4,4,4,4,4,4,4,4,2,2,2,2,0,0,0,0,0,0,0,0,2,2
Dominican University,Nigeria,1,52.44,0,0,0,0,0,0,2,2,2,2,4,4,4,4,4,4,4,4,2,2,2,2,0,0
Рижский политехнический институт,Latvia,2,150.81,0,0,0,0,0,0,0,2,2,2,2,4,4,4,4,4,4,4,4,2,2,2,2,0
茨城キリスト教大学,Japan,9,169.48,4,4,2,2,2,2,0,0,0,0,0,0,0,0,2,2,2,2,4,4,4,4,4,4
Duke University,United States of America,-5,170.72,2,2,2,2,4,4,4,4,4,4,4,4,2,2,2,2,0,0,0,0,0,0,0,0
Federal University of Technology Owerri,Nigeria,1,52.44,0,0,0,0,0,0,2,2,2,2,4,4,4,4,4,4,4,4,2,2,2,2,0,0
"Instituto Tecnológico y Estudios Superiores de Monterrey, Campus en Puebla",Mexico,-6,124.9,2,2,2,4,4,4,4,4,4,4,4,2,2,2,2,0,0,0,0,0,0,0,0,2
Автономная некоммерческая организация высшего образования «Университет Иннополис»,Russia,3,103.28,0,0,0,0,0,0,0,0,2,2,2,2,4,4,4,4,4,4,4,4,2,2,2,2
Institutul Politehnic din Cluj,Romania,2,133.38,0,0,0,0,0,0,0,2,2,2,2,4,4,4,4,4,4,4,4,2,2,2,2,0
Nemzeti Közszolgálati Egyetem,Hungary,1,137.15,0,0,0,0,0,0,2,2,2,2,4,4,4,4,4,4,4,4,2,2,2,2,0,0
Сумские высшие трёхлетние учительские курсы,Ukraine,2,111.93,0,0,0,0,0,0,0,2,2,2,2,4,4,4,4,4,4,4,4,2,2,2,2,0
豊橋創造大学,Japan,9,169.48,4,4,2,2,2,2,0,0,0,0,0,0,0,0,2,2,2,2,4,4,4,4,4,4
"Instituto Tecnológico y Estudios Superiores de Monterrey, Campus en Cuernavaca",Mexico,-6,124.9,2,2,2,4,4,4,4,4,4,4,4,2,2,2,2,0,0,0,0,0,0,0,0,2
华东政法大学,People's Republic of China,8,105.07,4,2,2,2,2,0,0,0,0,0,0,0,0,2,2,2,2,4,4,4,4,4,4,4
Днепропетровский металлургический институт,Ukraine,2,111.93,0,0,0,0,0,0,0,2,2,2,2,4,4,4,4,4,4,4,4,2,2,2,2,0
Калининградский государственный технический университе,Russia,2,103.28,0,0,0,0,0,0,0,2,2,2,2,4,4,4,4,4,4,4,4,2,2,2,2,0
Katholieke Universiteit te Leuven,Belgium,1,151.86,0,0,0,0,0,0,2,2,2,2,4,4,4,4,4,4,4,4,2,2,2,2,0,0
California Institute of Technology,United States of America,-8,170.72,2,4,4,4,4,4,4,4,4,2,2,2,2,0,0,0,0,0,0,0,0,2,2,2
Azərbaycan Texnologiya İnstitutu,Azerbaijan,4,104.1,2,0,0,0,0,0,0,0,0,2,2,2,2,4,4,4,4,4,4,4,4,2,2,2
Salisbury University,United States of America,-5,170.72,2,2,2,2,4,4,4,4,4,4,4,4,2,2,2,2,0,0,0,0,0,0,0,0
Universidade Federal do Amapá,Brazil,-3,107.04,0,0,2,2,2,2,4,4,4,4,4,4,4,4,2,2,2,2,0,0,0,0,0,0
University of St Mark & St John,United Kingdom,0,161.74,0,0,0,0,0,2,2,2,2,4,4,4,4,4,4,4,4,2,2,2,2,0,0,0
Azərbaycan Politexnik İnstitutu,Azerbaijan,4,104.1,2,0,0,0,0,0,0,0,0,2,2,2,2,4,4,4,4,4,4,4,4,2,2,2
"Instituto Tecnológico y Estudios Superiores de Monterrey, Campus en Toluca",Mexico,-6,124.9,2,2,2,4,4,4,4,4,4,4,4,2,2,2,2,0,0,0,0,0,0,0,0,2
Federal University of Petroleum Resource Effurun,Nigeria,1,52.44,0,0,0,0,0,0,2,2,2,2,4,4,4,4,4,4,4,4,2,2,2,2,0,0
"Nigerian Maritime University Okerenkoko, Delta State",Nigeria,1,52.44,0,0,0,0,0,0,2,2,2,2,4,4,4,4,4,4,4,4,2,2,2,2,0,0
Universitas Studiorum Mickiewicziana Posnaniensis,Poland,1,140.02,0,0,0,0,0,0,2,2,2,2,4,4,4,4,4,4,4,4,2,2,2,2,0,0
Massachusetts Institute of Technology,United States of America,-5,170.72,2,2,2,2,4,4,4,4,4,4,4,4,2,2,2,2,0,0,0,0,0,0,0,0
Manchester University Inc.,United States of America,-5,170.72,2,2,2,2,4,4,4,4,4,4,4,4,2,2,2,2,0,0,0,0,0,0,0,0
Харкаўскі інстытут інжынераў чыгуначнага транспарту,Ukraine,2,111.93,0,0,0,0,0,0,0,2,2,2,2,4,4,4,4,4,4,4,4,2,2,2,2,0
"Instituto Tecnológico y Estudios Superiores de Monterrey, Campus en Guadalajara",Mexico,-6,124.9,2,2,2,4,4,4,4,4,4,4,4,2,2,2,2,0,0,0,0,0,0,0,0,2
Umaru Musa Yar'adua University,Nigeria,1,52.44,0,0,0,0,0,0,2,2,2,2,4,4,4,4,4,4,4,4,2,2,2,2,0,0
広島市立大学,Japan,9,169.48,4,4,2,2,2,2,0,0,0,0,0,0,0,0,2,2,2,2,4,4,4,4,4,4
"Instituto Tecnológico y Estudios Superiores de Monterrey, Campus en Chihuahua",Mexico,-6,124.9,2,2,2,4,4,4,4,4,4,4,4,2,2,2,2,0,0,0,0,0,0,0,0,2
목포가톨릭대학교,South Korea,9,125.04,4,4,2,2,2,2,0,0,0,0,0,0,0,0,2,2,2,2,4,4,4,4,4,4
Ленинградский государственный педагогический институт имени А. И. Герцена,Russia,3,103.28,0,0,0,0,0,0,0,0,2,2,2,2,4,4,4,4,4,4,4,4,2,2,2,2
神戸女学院大学,Japan,9,169.48,4,4,2,2,2,2,0,0,0,0,0,0,0,0,2,2,2,2,4,4,4,4,4,4
Instituto de Botánica del Nordeste,Argentina,-3,105.42,0,0,2,2,2,2,4,4,4,4,4,4,4,4,2,2,2,2,0,0,0,0,0,0
"Federal University, Gusau Zamfara",Nigeria,1,52.44,0,0,0,0,0,0,2,2,2,2,4,4,4,4,4,4,4,4,2,2,2,2,0,0
江苏第二师范学院,People's Republic of China,8,105.07,4,2,2,2,2,0,0,0,0,0,0,0,0,2,2,2,2,4,4,4,4,4,4,4
"Instituto Tecnológico y Estudios Superiores de Monterrey, Campus en San Luis Potosí",Mexico,-6,124.9,2,2,2,4,4,4,4,4,4,4,4,2,2,2,2,0,0,0,0,0,0,0,0,2
沖縄キリスト教学院大学,Japan,9,169.48,4,4,2,2,2,2,0,0,0,0,0,0,0,0,2,2,2,2,4,4,4,4,4,4
"Instituto Tecnológico y Estudios Superiores de Monterrey, Campus en Chiapas",Mexico,-6,124.9,2,2,2,4,4,4,4,4,4,4,4,2,2,2,2,0,0,0,0,0,0,0,0,2
Новасібірскі інжынерна-будаўнічы інстытут імя В. У. Куйбышава,Russia,7,103.28,2,2,2,2,0,0,0,0,0,0,0,0,2,2,2,2,4,4,4,4,4,4,4,4
Крымский государственный педагогический институт имени М. В. Фрунзе,Ukraine,2,111.93,0,0,0,0,0,0,0,2,2,2,2,4,4,4,4,4,4,4,4,2,2,2,2,0
Мурманский арктический государственный университет,Russia,3,103.28,0,0,0,0,0,0,0,0,2,2,2,2,4,4,4,4,4,4,4,4,2,2,2,2
Erzsébet Tudományegyetem,Hungary,1,137.15,0,0,0,0,0,0,2,2,2,2,4,4,4,4,4,4,4,4,2,2,2,2,0,0
საქართველოს ტექნიკური უნივერსიტეტი,Georgia,4,121.14,2,0,0,0,0,0,0,0,0,2,2,2,2,4,4,4,4,4,4,4,4,2,2,2
Gödöllői Agrártudományi Egyetem,Hungary,1,137.15,0,0,0,0,0,0,2,2,2,2,4,4,4,4,4,4,4,4,2,2,2,2,0,0
Cracow University of Economics,Poland,1,140.02,0,0,0,0,0,0,2,2,2,2,4,4,4,4,4,4,4,4,2,2,2,2,0,0
Országos Magyar Királyi Színművészeti Akadémia,Hungary,1,137.15,0,0,0,0,0,0,2,2,2,2,4,4,4,4,4,4,4,4,2,2,2,2,0,0
Yeshiva University,United States of America,-5,170.72,2,2,2,2,4,4,4,4,4,4,4,4,2,2,2,2,0,0,0,0,0,0,0,0
St. John's University,United States of America,-5,170.72,2,2,2,2,4,4,4,4,4,4,4,4,2,2,2,2,0,0,0,0,0,0,0,0
Owens College,United Kingdom,0,161.74,0,0,0,0,0,2,2,2,2,4,4,4,4,4,4,4,4,2,2,2,2,0,0,0
Ковенская духоўная семінарыя,Lithuania,2,161.84,0,0,0,0,0,0,0,2,2,2,2,4,4,4,4,4,4,4,4,2,2,2,2,0
Національний університет «Запорізька політехніка»,Ukraine,2,111.93,0,0,0,0,0,0,0,2,2,2,2,4,4,4,4,4,4,4,4,2,2,2,2,0
University of Stirling,United Kingdom,0,161.74,0,0,0,0,0,2,2,2,2,4,4,4,4,4,4,4,4,2,2,2,2,0,0,0
Admiralty University,Nigeria,1,52.44,0,0,0,0,0,0,2,2,2,2,4,4,4,4,4,4,4,4,2,2,2,2,0,0
Воронежская государственная академия искусств,Russia,3,103.28,0,0,0,0,0,0,0,0,2,2,2,2,4,4,4,4,4,4,4,4,2,2,2,2
1-й Московский механико-электротехнический техникум им. М. В. Ломоносова,Russia,3,103.28,0,0,0,0,0,0,0,0,2,2,2,2,4,4,4,4,4,4,4,4,2,2,2,2
Институт архитектуры и строительства Волгоградского государственного технического университета,Russia,3,103.28,0,0,0,0,0,0,0,0,2,2,2,2,4,4,4,4,4,4,4,4,2,2,2,2
Ставропольский агропедагогический институт,Russia,3,103.28,0,0,0,0,0,0,0,0,2,2,2,2,4,4,4,4,4,4,4,4,2,2,2,2
Дальневосточный медицинский институт,Russia,10,103.28,4,4,4,2,2,2,2,0,0,0,0,0,0,0,0,2,2,2,2,4,4,4,4,4
Azərbaycan Dövlət Xarici Dillər İnstitutu,Azerbaijan,4,104.1,2,0,0,0,0,0,0,0,0,2,2,2,2,4,4,4,4,4,4,4,4,2,2,2
Одесский государственный аграрный университет,Ukraine,2,111.93,0,0,0,0,0,0,0,2,2,2,2,4,4,4,4,4,4,4,4,2,2,2,2,0
Академия изобразительного искусства и архитектуры,Ukraine,2,111.93,0,0,0,0,0,0,0,2,2,2,2,4,4,4,4,4,4,4,4,2,2,2,2,0
Вышэйшыя камерцыйныя курсы,Russia,3,103.28,0,0,0,0,0,0,0,0,2,2,2,2,4,4,4,4,4,4,4,4,2,2,2,2
Красноярский государственный медицинский университет,Russia,7,103.28,2,2,2,2,0,0,0,0,0,0,0,0,2,2,2,2,4,4,4,4,4,4,4,4
Moskva Tekstil İnstitutu,Russia,3,103.28,0,0,0,0,0,0,0,0,2,2,2,2,4,4,4,4,4,4,4,4,2,2,2,2
Государственный гуманитарно-технологический университет,Russia,3,103.28,0,0,0,0,0,0,0,0,2,2,2,2,4,4,4,4,4,4,4,4,2,2,2,2
Ленінградскі тэхналагічны інстытут цэлюлозна-папяровай прамысловасці,Russia,3,103.28,0,0,0,0,0,0,0,0,2,2,2,2,4,4,4,4,4,4,4,4,2,2,2,2
Маскоўскі інстытут землеўпарадкавання,Russia,3,103.28,0,0,0,0,0,0,0,0,2,2,2,2,4,4,4,4,4,4,4,4,2,2,2,2
Растоўскі інстытут сельскагаспадарчага машынабудавання,Russia,3,103.28,0,0,0,0,0,0,0,0,2,2,2,2,4,4,4,4,4,4,4,4,2,2,2,2
Кокшетауский государственный университет имени Шокана Уалиханова,Kazakhstan,6,93.77,2,2,2,0,0,0,0,0,0,0,0,2,2,2,2,4,4,4,4,4,4,4,4,2
Алматинский государственный медицинский институт,Kazakhstan,6,93.77,2,2,2,0,0,0,0,0,0,0,0,2,2,2,2,4,4,4,4,4,4,4,4,2
Московский государственный психолого-педагогический университет,Russia,3,103.28,0,0,0,0,0,0,0,0,2,2,2,2,4,4,4,4,4,4,4,4,2,2,2,2
Uniwersytet Przyrodniczywe Wrocławiu,Poland,1,140.02,0,0,0,0,0,0,2,2,2,2,4,4,4,4,4,4,4,4,2,2,2,2,0,0
Абаканский государственный педагогический институт,Russia,7,103.28,2,2,2,2,0,0,0,0,0,0,0,0,2,2,2,2,4,4,4,4,4,4,4,4
Lagos State University,Nigeria,1,52.44,0,0,0,0,0,0,2,2,2,2,4,4,4,4,4,4,4,4,2,2,2,2,0,0
Ленінградскае вышэйшае мастацка-прамысловае вучылішча імя В. Мухінай,Russia,3,103.28,0,0,0,0,0,0,0,0,2,2,2,2,4,4,4,4,4,4,4,4,2,2,2,2
Висше военно общовойсково училище „Васил Левски“,Bulgaria,2,130.09,0,0,0,0,0,0,0,2,2,2,2,4,4,4,4,4,4,4,4,2,2,2,2,0
Debreceni Református Kollégium,Hungary,1,137.15,0,0,0,0,0,0,2,2,2,2,4,4,4,4,4,4,4,4,2,2,2,2,0,0
Northern Illinois University,United States of America,-6,170.72,2,2,2,4,4,4,4,4,4,4,4,2,2,2,2,0,0,0,0,0,0,0,0,2
Fourth District Normal School,United States of America,-6,170.72,2,2,2,4,4,4,4,4,4,4,4,2,2,2,2,0,0,0,0,0,0,0,0,2
Тихоокеанский государственный университет,Russia,10,103.28,4,4,4,2,2,2,2,0,0,0,0,0,0,0,0,2,2,2,2,4,4,4,4,4
大阪商業講習所,Japan,9,169.48,4,4,2,2,2,2,0,0,0,0,0,0,0,0,2,2,2,2,4,4,4,4,4,4
Дальневосточный государственный университет,Russia,10,103.28,4,4,4,2,2,2,2,0,0,0,0,0,0,0,0,2,2,2,2,4,4,4,4,4
日本大学,Japan,9,169.48,4,4,2,2,2,2,0,0,0,0,0,0,0,0,2,2,2,2,4,4,4,4,4,4
Utah Tech University,United States of America,-7,170.72,2,2,4,4,4,4,4,4,4,4,2,2,2,2,0,0,0,0,0,0,0,0,2,2
Trinity University,United States of America,-6,170.72,2,2,2,4,4,4,4,4,4,4,4,2,2,2,2,0,0,0,0,0,0,0,0,2
Latvijas Biozinātņu un tehnoloģiju universitāte,Latvia,2,150.81,0,0,0,0,0,0,0,2,2,2,2,4,4,4,4,4,4,4,4,2,2,2,2,0
وِفاقی اُردوٗ یوٗنِیوَرسِٹی بَرائے فُنُون، سائنس اَور ٹیکنالوجی,Pakistan,5,102.57,2,2,0,0,0,0,0,0,0,0,2,2,2,2,4,4,4,4,4,4,4,4,2,2
Eastern Washington University,United States of America,-8,170.72,2,4,4,4,4,4,4,4,4,2,2,2,2,0,0,0,0,0,0,0,0,2,2,2
國立高雄大學,Taiwan,8,140.15,4,2,2,2,2,0,0,0,0,0,0,0,0,2,2,2,2,4,4,4,4,4,4,4
Hunan University of Science and Engineering,People's Republic of China,8,105.07,4,2,2,2,2,0,0,0,0,0,0,0,0,2,2,2,2,4,4,4,4,4,4,4
Факультет садівництва та городництва при Вищій робітничій школі,Ukraine,2,111.93,0,0,0,0,0,0,0,2,2,2,2,4,4,4,4,4,4,4,4,2,2,2,2,0
Наваполацкі політэхнічны інстытут,Belarus,3,108.48,0,0,0,0,0,0,0,0,2,2,2,2,4,4,4,4,4,4,4,4,2,2,2,2
Taideyliopiston Sibelius-Akatemia,Finland,2,184.96,0,0,0,0,0,0,0,2,2,2,2,4,4,4,4,4,4,4,4,2,2,2,2,0
Taideyliopiston Kuvataideakatemia,Finland,2,184.96,0,0,0,0,0,0,0,2,2,2,2,4,4,4,4,4,4,4,4,2,2,2,2,0
Northwestern State College of Louisiana,United States of America,-6,170.72,2,2,2,4,4,4,4,4,4,4,4,2,2,2,2,0,0,0,0,0,0,0,0,2
Палтаўскі інжынерна-будаўнічы інстытут,Ukraine,2,111.93,0,0,0,0,0,0,0,2,2,2,2,4,4,4,4,4,4,4,4,2,2,2,2,0
Казанский институт инженеров коммунального строительства,Russia,3,103.28,0,0,0,0,0,0,0,0,2,2,2,2,4,4,4,4,4,4,4,4,2,2,2,2
Vytauto Didžiojo universitetas,Lithuania,2,161.84,0,0,0,0,0,0,0,2,2,2,2,4,4,4,4,4,4,4,4,2,2,2,2,0
고려사이버대학교,South Korea,9,125.04,4,4,2,2,2,2,0,0,0,0,0,0,0,0,2,2,2,2,4,4,4,4,4,4
Академия общественных наук при ЦК КПСС,Russia,3,103.28,0,0,0,0,0,0,0,0,2,2,2,2,4,4,4,4,4,4,4,4,2,2,2,2
Uniwersytet Wrocławski,Poland,1,140.02,0,0,0,0,0,0,2,2,2,2,4,4,4,4,4,4,4,4,2,2,2,2,0,0
Крымский государственный медицинский университет,Ukraine,3,111.93,0,0,0,0,0,0,0,0,2,2,2,2,4,4,4,4,4,4,4,4,2,2,2,2
Sheffield City Polytechnic,United Kingdom,0,161.74,0,0,0,0,0,2,2,2,2,4,4,4,4,4,4,4,4,2,2,2,2,0,0,0
Leeds Beckett University,United Kingdom,0,161.74,0,0,0,0,0,2,2,2,2,4,4,4,4,4,4,4,4,2,2,2,2,0,0,0
Белорусский театрально-художественный институт,Belarus,3,108.48,0,0,0,0,0,0,0,0,2,2,2,2,4,4,4,4,4,4,4,4,2,2,2,2
Киевский национальный университет строительства и архитектуры,Ukraine,2,111.93,0,0,0,0,0,0,0,2,2,2,2,4,4,4,4,4,4,4,4,2,2,2,2,0
國防大學,Taiwan,8,140.15,4,2,2,2,2,0,0,0,0,0,0,0,0,2,2,2,2,4,4,4,4,4,4,4
Черкаський державний педагогічний інститут,Ukraine,2,111.93,0,0,0,0,0,0,0,2,2,2,2,4,4,4,4,4,4,4,4,2,2,2,2,0
Уральский государственный педагогический университет,Russia,5,103.28,2,2,0,0,0,0,0,0,0,0,2,2,2,2,4,4,4,4,4,4,4,4,2,2
Norges miljø- og biovitenskapelige universitet,Norway,1,176.39,0,0,0,0,0,0,2,2,2,2,4,4,4,4,4,4,4,4,2,2,2,2,0,0
Южно-Уральский государственный медицинский университет,Russia,5,103.28,2,2,0,0,0,0,0,0,0,0,2,2,2,2,4,4,4,4,4,4,4,4,2,2
Санкт-Петербургский государственный университет аэрокосмического приборостроения,Russia,3,103.28,0,0,0,0,0,0,0,0,2,2,2,2,4,4,4,4,4,4,4,4,2,2,2,2
Київський художній інститут,Ukraine,2,111.93,0,0,0,0,0,0,0,2,2,2,2,4,4,4,4,4,4,4,4,2,2,2,2,0
Kungl. Universitetet i Göteborg,Sweden,1,175.3,0,0,0,0,0,0,2,2,2,2,4,4,4,4,4,4,4,4,2,2,2,2,0,0
Драгобыцкі настаўніцкі інстытут,Ukraine,2,111.93,0,0,0,0,0,0,0,2,2,2,2,4,4,4,4,4,4,4,4,2,2,2,2,0
Российская академия народного хозяйства и государственной службы при Президенте Российской Федерации,Russia,3,103.28,0,0,0,0,0,0,0,0,2,2,2,2,4,4,4,4,4,4,4,4,2,2,2,2
"Federal State Autonomous Educational Institution of Higher Education ""M. K. Ammosov North-Eastern Federal University""",Russia,9,103.28,4,4,2,2,2,2,0,0,0,0,0,0,0,0,2,2,2,2,4,4,4,4,4,4
Stetson University,United States of America,-5,170.72,2,2,2,2,4,4,4,4,4,4,4,4,2,2,2,2,0,0,0,0,0,0,0,0
Azərbaycan Dövlət Konservatoriyası,Azerbaijan,4,104.1,2,0,0,0,0,0,0,0,0,2,2,2,2,4,4,4,4,4,4,4,4,2,2,2
Universiteit Utrecht,Netherlands,1,185.38,0,0,0,0,0,0,2,2,2,2,4,4,4,4,4,4,4,4,2,2,2,2,0,0
Al-Hikmah University,Nigeria,1,52.44,0,0,0,0,0,0,2,2,2,2,4,4,4,4,4,4,4,4,2,2,2,2,0,0
University of South Florida,United States of America,-5,170.72,2,2,2,2,4,4,4,4,4,4,4,4,2,2,2,2,0,0,0,0,0,0,0,0
Nnamdi Azikiwe University,Nigeria,1,52.44,0,0,0,0,0,0,2,2,2,2,4,4,4,4,4,4,4,4,2,2,2,2,0,0
Цюменскі дзяржаўны медыцынскі інстытут,Russia,5,103.28,2,2,0,0,0,0,0,0,0,0,2,2,2,2,4,4,4,4,4,4,4,4,2,2
Ленинградский институт водного транспорта,Russia,3,103.28,0,0,0,0,0,0,0,0,2,2,2,2,4,4,4,4,4,4,4,4,2,2,2,2
Lamar University,United States of America,-6,170.72,2,2,2,4,4,4,4,4,4,4,4,2,2,2,2,0,0,0,0,0,0,0,0,2
久留米大学,Japan,9,169.48,4,4,2,2,2,2,0,0,0,0,0,0,0,0,2,2,2,2,4,4,4,4,4,4
Харкаўскі фармацэўтычны інстытут,Ukraine,2,111.93,0,0,0,0,0,0,0,2,2,2,2,4,4,4,4,4,4,4,4,2,2,2,2,0
Solent University,United Kingdom,0,161.74,0,0,0,0,0,2,2,2,2,4,4,4,4,4,4,4,4,2,2,2,2,0,0,0
Харьковская медицинская академия последипломного образования,Ukraine,2,111.93,0,0,0,0,0,0,0,2,2,2,2,4,4,4,4,4,4,4,4,2,2,2,2,0
Высший нефтяной техникум,Russia,3,103.28,0,0,0,0,0,0,0,0,2,2,2,2,4,4,4,4,4,4,4,4,2,2,2,2
Universidade do Espírito Santo,Brazil,-3,107.04,0,0,2,2,2,2,4,4,4,4,4,4,4,4,2,2,2,2,0,0,0,0,0,0
Hawaiʻi Pacific University,United States of America,-10,170.72,4,4,4,4,4,4,4,2,2,2,2,0,0,0,0,0,0,0,0,2,2,2,2,4
Uniwersytet Rolniczy im. Hugona Kołłątaja w Krakowie,Poland,1,140.02,0,0,0,0,0,0,2,2,2,2,4,4,4,4,4,4,4,4,2,2,2,2,0,0
Одесский государственный экономический университет,Ukraine,2,111.93,0,0,0,0,0,0,0,2,2,2,2,4,4,4,4,4,4,4,4,2,2,2,2,0
Житомирський сільськогосподарський інститут,Ukraine,2,111.93,0,0,0,0,0,0,0,2,2,2,2,4,4,4,4,4,4,4,4,2,2,2,2,0
Тюменский государственный нефтегазовый университет,Russia,5,103.28,2,2,0,0,0,0,0,0,0,0,2,2,2,2,4,4,4,4,4,4,4,4,2,2
Уральский государственный архитектурно-художественный университет,Russia,5,103.28,2,2,0,0,0,0,0,0,0,0,2,2,2,2,4,4,4,4,4,4,4,4,2,2
Челябинский государственный технический университет,Russia,5,103.28,2,2,0,0,0,0,0,0,0,0,2,2,2,2,4,4,4,4,4,4,4,4,2,2
北京第二外国语学院,People's Republic of China,8,105.07,4,2,2,2,2,0,0,0,0,0,0,0,0,2,2,2,2,4,4,4,4,4,4,4
جامعة شعيب الدكالي,Morocco,1,107.54,0,0,0,0,0,0,2,2,2,2,4,4,4,4,4,4,4,4,2,2,2,2,0,0
Воронежский государственный аграрный университет имени императора Петра I,Russia,3,103.28,0,0,0,0,0,0,0,0,2,2,2,2,4,4,4,4,4,4,4,4,2,2,2,2
Vysoká škola uměleckoprůmyslová v Praze,Czech Republic,1,162.64,0,0,0,0,0,0,2,2,2,2,4,4,4,4,4,4,4,4,2,2,2,2,0,0
神田外語大学,Japan,9,169.48,4,4,2,2,2,2,0,0,0,0,0,0,0,0,2,2,2,2,4,4,4,4,4,4
Адэскі медыцынскі інстытут,Ukraine,2,111.93,0,0,0,0,0,0,0,2,2,2,2,4,4,4,4,4,4,4,4,2,2,2,2,0
Львівський інститут прикладного та декоративного мистецтва,Ukraine,2,111.93,0,0,0,0,0,0,0,2,2,2,2,4,4,4,4,4,4,4,4,2,2,2,2,0
Куйбышевский педагогический и учительский институт,Russia,4,103.28,2,0,0,0,0,0,0,0,0,2,2,2,2,4,4,4,4,4,4,4,4,2,2,2
Куйбышевский сельскохозяйственный институт,Russia,4,103.28,2,0,0,0,0,0,0,0,0,2,2,2,2,4,4,4,4,4,4,4,4,2,2,2
Магнитогорский вечерний индустриально-педагогический институт,Russia,5,103.28,2,2,0,0,0,0,0,0,0,0,2,2,2,2,4,4,4,4,4,4,4,4,2,2
Арэнбургская дзяржаўная медыцынская акадэмія,Russia,5,103.28,2,2,0,0,0,0,0,0,0,0,2,2,2,2,4,4,4,4,4,4,4,4,2,2
Кіеўскі аўтамабільна-дарожны інстытут,Ukraine,2,111.93,0,0,0,0,0,0,0,2,2,2,2,4,4,4,4,4,4,4,4,2,2,2,2,0
Красноярский государственный педагогический университет имени В. П. Астафьева,Russia,7,103.28,2,2,2,2,0,0,0,0,0,0,0,0,2,2,2,2,4,4,4,4,4,4,4,4
Академия гражданской авиации,Russia,3,103.28,0,0,0,0,0,0,0,0,2,2,2,2,4,4,4,4,4,4,4,4,2,2,2,2
Хабараўскі інстытут інжынераў чыгуначнага транспарту,Russia,10,103.28,4,4,4,2,2,2,2,0,0,0,0,0,0,0,0,2,2,2,2,4,4,4,4,4
Главное училище садоводства,Ukraine,2,111.93,0,0,0,0,0,0,0,2,2,2,2,4,4,4,4,4,4,4,4,2,2,2,2,0
Валагодскі малочны інстытут,Russia,3,103.28,0,0,0,0,0,0,0,0,2,2,2,2,4,4,4,4,4,4,4,4,2,2,2,2
Маскоўскі тэхналагічны інстытут харчовай прамысловасці,Russia,3,103.28,0,0,0,0,0,0,0,0,2,2,2,2,4,4,4,4,4,4,4,4,2,2,2,2
Кемеровский горный институт,Russia,7,103.28,2,2,2,2,0,0,0,0,0,0,0,0,2,2,2,2,4,4,4,4,4,4,4,4
Ленінградскі ветэрынарны інстытут,Russia,3,103.28,0,0,0,0,0,0,0,0,2,2,2,2,4,4,4,4,4,4,4,4,2,2,2,2
Растоўскі інжынерна-будаўнічы інстытут,Russia,3,103.28,0,0,0,0,0,0,0,0,2,2,2,2,4,4,4,4,4,4,4,4,2,2,2,2
Крымская академия природоохранного и курортного строительства,Ukraine,3,111.93,0,0,0,0,0,0,0,0,2,2,2,2,4,4,4,4,4,4,4,4,2,2,2,2
Цюменскі сельскагаспадарчы інстытут,Russia,5,103.28,2,2,0,0,0,0,0,0,0,0,2,2,2,2,4,4,4,4,4,4,4,4,2,2
Казанский национальный исследовательский технологический университет,Russia,3,103.28,0,0,0,0,0,0,0,0,2,2,2,2,4,4,4,4,4,4,4,4,2,2,2,2
Пензенскі індустрыяльны інстытут,Russia,3,103.28,0,0,0,0,0,0,0,0,2,2,2,2,4,4,4,4,4,4,4,4,2,2,2,2
Харківський державний аграрний університет ім. В. В. Докучаєва,Ukraine,2,111.93,0,0,0,0,0,0,0,2,2,2,2,4,4,4,4,4,4,4,4,2,2,2,2,0
Philadelphia College of Pharmacy,United States of America,-5,170.72,2,2,2,2,4,4,4,4,4,4,4,4,2,2,2,2,0,0,0,0,0,0,0,0
Казахская национальная академия искусств имени Т. К. Жургенова,Kazakhstan,6,93.77,2,2,2,0,0,0,0,0,0,0,0,2,2,2,2,4,4,4,4,4,4,4,4,2
Волгоградская государственная сельскохозяйственная академия,Russia,3,103.28,0,0,0,0,0,0,0,0,2,2,2,2,4,4,4,4,4,4,4,4,2,2,2,2
Благовещенский педагогический институт,Russia,9,103.28,4,4,2,2,2,2,0,0,0,0,0,0,0,0,2,2,2,2,4,4,4,4,4,4
Московский ордена Ленина химико-технологический институт имени Д. И. Менделеева,Russia,3,103.28,0,0,0,0,0,0,0,0,2,2,2,2,4,4,4,4,4,4,4,4,2,2,2,2
Могилевский государственный университет имени А.А. Кулешова,Belarus,3,108.48,0,0,0,0,0,0,0,0,2,2,2,2,4,4,4,4,4,4,4,4,2,2,2,2
Белорусский университет культуры,Belarus,3,108.48,0,0,0,0,0,0,0,0,2,2,2,2,4,4,4,4,4,4,4,4,2,2,2,2
Московский зоотехнический институт коневодства и коннозаводства,Russia,4,103.28,2,0,0,0,0,0,0,0,0,2,2,2,2,4,4,4,4,4,4,4,4,2,2,2
Высшая следственная школа МВД СССР,Russia,3,103.28,0,0,0,0,0,0,0,0,2,2,2,2,4,4,4,4,4,4,4,4,2,2,2,2
Донецкий государственный коммерческий институт,Ukraine,2,111.93,0,0,0,0,0,0,0,2,2,2,2,4,4,4,4,4,4,4,4,2,2,2,2,0
Гродзенскі сельскагаспадарчы інстытут,Belarus,3,108.48,0,0,0,0,0,0,0,0,2,2,2,2,4,4,4,4,4,4,4,4,2,2,2,2
Усесаюзная акадэмія знешняга гандлю,Russia,3,103.28,0,0,0,0,0,0,0,0,2,2,2,2,4,4,4,4,4,4,4,4,2,2,2,2
école centrale rabbinique de Metz,France,1,156.65,0,0,0,0,0,0,2,2,2,2,4,4,4,4,4,4,4,4,2,2,2,2,0,0
Ворошиловградський державний педагогічний інститут,Ukraine,2,111.93,0,0,0,0,0,0,0,2,2,2,2,4,4,4,4,4,4,4,4,2,2,2,2,0
Днепровский государственный технический университет,Ukraine,2,111.93,0,0,0,0,0,0,0,2,2,2,2,4,4,4,4,4,4,4,4,2,2,2,2,0
Ніжинський фізико-математичний ліцей,Ukraine,2,111.93,0,0,0,0,0,0,0,2,2,2,2,4,4,4,4,4,4,4,4,2,2,2,2,0
Federal University Kashere,Nigeria,1,52.44,0,0,0,0,0,0,2,2,2,2,4,4,4,4,4,4,4,4,2,2,2,2,0,0
"Instituto Tecnológico y Estudios Superiores de Monterrey, Campus en la Ciudad de México",Mexico,-6,124.9,2,2,2,4,4,4,4,4,4,4,4,2,2,2,2,0,0,0,0,0,0,0,0,2
Байкальский государственный университет,Russia,8,103.28,4,2,2,2,2,0,0,0,0,0,0,0,0,2,2,2,2,4,4,4,4,4,4,4
"Instituto Tecnológico y Estudios Superiores de Monterrey, Campus en Ciudad Juárez",Mexico,-6,124.9,2,2,2,4,4,4,4,4,4,4,4,2,2,2,2,0,0,0,0,0,0,0,0,2
Nasarawa State University,Nigeria,1,52.44,0,0,0,0,0,0,2,2,2,2,4,4,4,4,4,4,4,4,2,2,2,2,0,0
Гомельскі аграпедагагічны інстытут,Belarus,3,108.48,0,0,0,0,0,0,0,0,2,2,2,2,4,4,4,4,4,4,4,4,2,2,2,2
Белгародскі педагагічны інстытут,Russia,3,103.28,0,0,0,0,0,0,0,0,2,2,2,2,4,4,4,4,4,4,4,4,2,2,2,2
Всесоюзный заочный институт текстильной и лёгкой промышленности,Russia,3,103.28,0,0,0,0,0,0,0,0,2,2,2,2,4,4,4,4,4,4,4,4,2,2,2,2
桃山学院教育大学,Japan,9,169.48,4,4,2,2,2,2,0,0,0,0,0,0,0,0,2,2,2,2,4,4,4,4,4,4
University Campus Suffolk,United Kingdom,0,161.74,0,0,0,0,0,2,2,2,2,4,4,4,4,4,4,4,4,2,2,2,2,0,0,0
Chatham College,United States of America,-5,170.72,2,2,2,2,4,4,4,4,4,4,4,4,2,2,2,2,0,0,0,0,0,0,0,0
Pittsburg State University,United States of America,-6,170.72,2,2,2,4,4,4,4,4,4,4,4,2,2,2,2,0,0,0,0,0,0,0,0,2
Lincoln University,United States of America,-5,170.72,2,2,2,2,4,4,4,4,4,4,4,4,2,2,2,2,0,0,0,0,0,0,0,0
成都地质学院,People's Republic of China,8,105.07,4,2,2,2,2,0,0,0,0,0,0,0,0,2,2,2,2,4,4,4,4,4,4,4
The Education University of Hong Kong,People's Republic of China,8,105.07,4,2,2,2,2,0,0,0,0,0,0,0,0,2,2,2,2,4,4,4,4,4,4,4
آغا خان یوٗنِیوَرسِٹی,Pakistan,5,102.57,2,2,0,0,0,0,0,0,0,0,2,2,2,2,4,4,4,4,4,4,4,4,2,2
агрономическое отделение Земледельческого института,Russia,3,103.28,0,0,0,0,0,0,0,0,2,2,2,2,4,4,4,4,4,4,4,4,2,2,2,2
"Instituto Tecnológico y Estudios Superiores de Monterrey, Campus en Monterrey",Mexico,-6,124.9,2,2,2,4,4,4,4,4,4,4,4,2,2,2,2,0,0,0,0,0,0,0,0,2
Akwa Ibom State University,Nigeria,1,52.44,0,0,0,0,0,0,2,2,2,2,4,4,4,4,4,4,4,4,2,2,2,2,0,0
"Instituto Tecnológico y Estudios Superiores de Monterrey, Campus en Santa Fe",Mexico,-6,124.9,2,2,2,4,4,4,4,4,4,4,4,2,2,2,2,0,0,0,0,0,0,0,0,2
Российский государственный институт сценических искусств,Russia,3,103.28,0,0,0,0,0,0,0,0,2,2,2,2,4,4,4,4,4,4,4,4,2,2,2,2
Univerzita Hradec Králové,Czech Republic,1,162.64,0,0,0,0,0,0,2,2,2,2,4,4,4,4,4,4,4,4,2,2,2,2,0,0
"Instituto Tecnológico y Estudios Superiores de Monterrey, Campus en Irapuato",Mexico,-6,124.9,2,2,2,4,4,4,4,4,4,4,4,2,2,2,2,0,0,0,0,0,0,0,0,2
Харьковский институт радиоэлектроники,Ukraine,2,111.93,0,0,0,0,0,0,0,2,2,2,2,4,4,4,4,4,4,4,4,2,2,2,2,0
Federal University of Technology Akure,Nigeria,1,52.44,0,0,0,0,0,0,2,2,2,2,4,4,4,4,4,4,4,4,2,2,2,2,0,0
足利大学,Japan,9,169.48,4,4,2,2,2,2,0,0,0,0,0,0,0,0,2,2,2,2,4,4,4,4,4,4
Suzuka University,Japan,9,169.48,4,4,2,2,2,2,0,0,0,0,0,0,0,0,2,2,2,2,4,4,4,4,4,4
Federal University Gashua,Nigeria,1,52.44,0,0,0,0,0,0,2,2,2,2,4,4,4,4,4,4,4,4,2,2,2,2,0,0
Skyline University,Nigeria,1,52.44,0,0,0,0,0,0,2,2,2,2,4,4,4,4,4,4,4,4,2,2,2,2,0,0
Universidade Federal do Amapá - Campus Santana,Brazil,-3,107.04,0,0,2,2,2,2,4,4,4,4,4,4,4,4,2,2,2,2,0,0,0,0,0,0
Universitatea Regele Ferdinand I din Cluj,Romania,2,133.38,0,0,0,0,0,0,0,2,2,2,2,4,4,4,4,4,4,4,4,2,2,2,2,0
Мінскі інстытут кіравання,Belarus,3,108.48,0,0,0,0,0,0,0,0,2,2,2,2,4,4,4,4,4,4,4,4,2,2,2,2
"Metropolitní univerzita Praha, o.p.s.",Czech Republic,1,162.64,0,0,0,0,0,0,2,2,2,2,4,4,4,4,4,4,4,4,2,2,2,2,0,0
Fountain University Osogbo,Nigeria,1,52.44,0,0,0,0,0,0,2,2,2,2,4,4,4,4,4,4,4,4,2,2,2,2,0,0
Εθνικό Μετσόβιο Πολυτεχνείο,Greece,2,129.24,0,0,0,0,0,0,0,2,2,2,2,4,4,4,4,4,4,4,4,2,2,2,2,0
"Instituto Tecnológico y Estudios Superiores de Monterrey, Campus en Hidalgo",Mexico,-6,124.9,2,2,2,4,4,4,4,4,4,4,4,2,2,2,2,0,0,0,0,0,0,0,0,2
"Instituto Tecnológico y Estudios Superiores de Monterrey, Campus Laguna",Mexico,-6,124.9,2,2,2,4,4,4,4,4,4,4,4,2,2,2,2,0,0,0,0,0,0,0,0,2
Marylhurst College,United States of America,-8,170.72,2,4,4,4,4,4,4,4,4,2,2,2,2,0,0,0,0,0,0,0,0,2,2,2
"Kano University of Science and Technology, Wudil",Nigeria,1,52.44,0,0,0,0,0,0,2,2,2,2,4,4,4,4,4,4,4,4,2,2,2,2,0,0
Высшая комсомольская школа при ЦК ВЛКСМ,Russia,3,103.28,0,0,0,0,0,0,0,0,2,2,2,2,4,4,4,4,4,4,4,4,2,2,2,2
Віленскі ўніверсітэт,Lithuania,2,161.84,0,0,0,0,0,0,0,2,2,2,2,4,4,4,4,4,4,4,4,2,2,2,2,0
国立大学法人東京工業大学,Japan,9,169.48,4,4,2,2,2,2,0,0,0,0,0,0,0,0,2,2,2,2,4,4,4,4,4,4
האוניברסיטה העברית בירושלים,Israel,2,146.06,0,0,0,0,0,0,0,2,2,2,2,4,4,4,4,4,4,4,4,2,2,2,2,0
Казанский учительский институт,Russia,3,103.28,0,0,0,0,0,0,0,0,2,2,2,2,4,4,4,4,4,4,4,4,2,2,2,2
"University of California, Los Angeles",United States of America,-8,170.72,2,4,4,4,4,4,4,4,4,2,2,2,2,0,0,0,0,0,0,0,0,2,2,2
Madison College,United States of America,-5,170.72,2,2,2,2,4,4,4,4,4,4,4,4,2,2,2,2,0,0,0,0,0,0,0,0
San Jose State University,United States of America,-8,170.72,2,4,4,4,4,4,4,4,4,2,2,2,2,0,0,0,0,0,0,0,0,2,2,2
Bányamérnöki és Erdőmérnöki Főiskola,Hungary,1,137.15,0,0,0,0,0,0,2,2,2,2,4,4,4,4,4,4,4,4,2,2,2,2,0,0
Омский государственный технический университет,Russia,6,103.28,2,2,2,0,0,0,0,0,0,0,0,2,2,2,2,4,4,4,4,4,4,4,4,2
Debreceni Egyetem,Hungary,1,137.15,0,0,0,0,0,0,2,2,2,2,4,4,4,4,4,4,4,4,2,2,2,2,0,0
奈良先端科学技術大学院大学,Japan,9,169.48,4,4,2,2,2,2,0,0,0,0,0,0,0,0,2,2,2,2,4,4,4,4,4,4
ŠKODA AUTO Vysoká škola o.p.s.,Czech Republic,1,162.64,0,0,0,0,0,0,2,2,2,2,4,4,4,4,4,4,4,4,2,2,2,2,0,0
Волгоградский государственный социально-педагогический университет,Russia,3,103.28,0,0,0,0,0,0,0,0,2,2,2,2,4,4,4,4,4,4,4,4,2,2,2,2
Національний технічний університет «Харківський політехнічний інститут»,Ukraine,2,111.93,0,0,0,0,0,0,0,2,2,2,2,4,4,4,4,4,4,4,4,2,2,2,2,0
KNUTE,Ukraine,2,111.93,0,0,0,0,0,0,0,2,2,2,2,4,4,4,4,4,4,4,4,2,2,2,2,0
中山大學,People's Republic of China,8,105.07,4,2,2,2,2,0,0,0,0,0,0,0,0,2,2,2,2,4,4,4,4,4,4,4
Маскоўскі інжынерна-эканамічны інстытут,Russia,3,103.28,0,0,0,0,0,0,0,0,2,2,2,2,4,4,4,4,4,4,4,4,2,2,2,2
Spiritan University,Nigeria,1,52.44,0,0,0,0,0,0,2,2,2,2,4,4,4,4,4,4,4,4,2,2,2,2,0,0
Óbuda University,Hungary,1,137.15,0,0,0,0,0,0,2,2,2,2,4,4,4,4,4,4,4,4,2,2,2,2,0,0
"University of California, Davis",United States of America,-8,170.72,2,4,4,4,4,4,4,4,4,2,2,2,2,0,0,0,0,0,0,0,0,2,2,2
東京神学大学,Japan,9,169.48,4,4,2,2,2,2,0,0,0,0,0,0,0,0,2,2,2,2,4,4,4,4,4,4
Dunaújvárosi Egyetem,Hungary,1,137.15,0,0,0,0,0,0,2,2,2,2,4,4,4,4,4,4,4,4,2,2,2,2,0,0
Univerzita Tomáše Bati ve Zlíně,Czech Republic,1,162.64,0,0,0,0,0,0,2,2,2,2,4,4,4,4,4,4,4,4,2,2,2,2,0,0
Одесский государственный педагогический институт,Ukraine,2,111.93,0,0,0,0,0,0,0,2,2,2,2,4,4,4,4,4,4,4,4,2,2,2,2,0
Kansas State Agricultural College,United States of America,-6,170.72,2,2,2,4,4,4,4,4,4,4,4,2,2,2,2,0,0,0,0,0,0,0,0,2
Université de l’État à Liège,Belgium,1,151.86,0,0,0,0,0,0,2,2,2,2,4,4,4,4,4,4,4,4,2,2,2,2,0,0
Tampereen yliopisto,Finland,2,184.96,0,0,0,0,0,0,0,2,2,2,2,4,4,4,4,4,4,4,4,2,2,2,2,0
Westland University,Nigeria,1,52.44,0,0,0,0,0,0,2,2,2,2,4,4,4,4,4,4,4,4,2,2,2,2,0,0
Corpus Christi State University,United States of America,-6,170.72,2,2,2,4,4,4,4,4,4,4,4,2,2,2,2,0,0,0,0,0,0,0,0,2
Ekiti State University,Nigeria,1,52.44,0,0,0,0,0,0,2,2,2,2,4,4,4,4,4,4,4,4,2,2,2,2,0,0
Вышэйшая тэхнічная школа,Finland,2,184.96,0,0,0,0,0,0,0,2,2,2,2,4,4,4,4,4,4,4,4,2,2,2,2,0
Northwestern University in Qatar,Qatar,3,154.53,0,0,0,0,0,0,0,0,2,2,2,2,4,4,4,4,4,4,4,4,2,2,2,2
جَامِعَة مُحَمَّد الْخَامِس,Morocco,1,107.54,0,0,0,0,0,0,2,2,2,2,4,4,4,4,4,4,4,4,2,2,2,2,0,0
Trinity university,Nigeria,1,52.44,0,0,0,0,0,0,2,2,2,2,4,4,4,4,4,4,4,4,2,2,2,2,0,0
Tufts University,United States of America,-5,170.72,2,2,2,2,4,4,4,4,4,4,4,4,2,2,2,2,0,0,0,0,0,0,0,0
Омский государственный аграрный университет имени П. А. Столыпина,Russia,6,103.28,2,2,2,0,0,0,0,0,0,0,0,2,2,2,2,4,4,4,4,4,4,4,4,2
The Fletcher School of Law and Diplomacy,United States of America,-5,170.72,2,2,2,2,4,4,4,4,4,4,4,4,2,2,2,2,0,0,0,0,0,0,0,0
Dominion University,Nigeria,1,52.44,0,0,0,0,0,0,2,2,2,2,4,4,4,4,4,4,4,4,2,2,2,2,0,0
Універсітэт Казіміра Вялікага ў Быдгашчы,Poland,1,140.02,0,0,0,0,0,0,2,2,2,2,4,4,4,4,4,4,4,4,2,2,2,2,0,0
Crown-Hill University,Nigeria,1,52.44,0,0,0,0,0,0,2,2,2,2,4,4,4,4,4,4,4,4,2,2,2,2,0,0
Universitetet i Agder,Norway,1,176.39,0,0,0,0,0,0,2,2,2,2,4,4,4,4,4,4,4,4,2,2,2,2,0,0
Lincoln University,United States of America,-6,170.72,2,2,2,4,4,4,4,4,4,4,4,2,2,2,2,0,0,0,0,0,0,0,0,2
Российский университет транспорта,Russia,3,103.28,0,0,0,0,0,0,0,0,2,2,2,2,4,4,4,4,4,4,4,4,2,2,2,2
Legacy University,Nigeria,1,52.44,0,0,0,0,0,0,2,2,2,2,4,4,4,4,4,4,4,4,2,2,2,2,0,0
Université de l'État à Gand,Belgium,1,151.86,0,0,0,0,0,0,2,2,2,2,4,4,4,4,4,4,4,4,2,2,2,2,0,0
Budapesti Gazdasági Egyetem,Hungary,1,137.15,0,0,0,0,0,0,2,2,2,2,4,4,4,4,4,4,4,4,2,2,2,2,0,0
Vrije Universiteit Brussel,Belgium,1,151.86,0,0,0,0,0,0,2,2,2,2,4,4,4,4,4,4,4,4,2,2,2,2,0,0
Gallaudet University,United States of America,-5,170.72,2,2,2,2,4,4,4,4,4,4,4,4,2,2,2,2,0,0,0,0,0,0,0,0
"Vysoká škola mezinárodních a veřejných vztahů Praha, o.p.s.",Czech Republic,1,162.64,0,0,0,0,0,0,2,2,2,2,4,4,4,4,4,4,4,4,2,2,2,2,0,0
Central Washington University,United States of America,-8,170.72,2,4,4,4,4,4,4,4,4,2,2,2,2,0,0,0,0,0,0,0,0,2,2,2
University of Houston,United States of America,-6,170.72,2,2,2,4,4,4,4,4,4,4,4,2,2,2,2,0,0,0,0,0,0,0,0,2
جَامِعَہ لاہَور بَراۓ اِنْتِظَامی سائَنْسِز,Pakistan,5,102.57,2,2,0,0,0,0,0,0,0,0,2,2,2,2,4,4,4,4,4,4,4,4,2,2
Uniwersytet Muzyczny Fryderyka Chopina,Poland,1,140.02,0,0,0,0,0,0,2,2,2,2,4,4,4,4,4,4,4,4,2,2,2,2,0,0
国立大学法人北陸先端科学技術大学院大学,Japan,9,169.48,4,4,2,2,2,2,0,0,0,0,0,0,0,0,2,2,2,2,4,4,4,4,4,4
Літоўская сельскагаспадарчая акадэмія,Lithuania,2,161.84,0,0,0,0,0,0,0,2,2,2,2,4,4,4,4,4,4,4,4,2,2,2,2,0
Санкт-Петербургский политехнический институт,Russia,3,103.28,0,0,0,0,0,0,0,0,2,2,2,2,4,4,4,4,4,4,4,4,2,2,2,2
Vysoká škola báňská - Technická univerzita Ostrava,Czech Republic,1,162.64,0,0,0,0,0,0,2,2,2,2,4,4,4,4,4,4,4,4,2,2,2,2,0,0
Johns Hopkins University,United States of America,-5,170.72,2,2,2,2,4,4,4,4,4,4,4,4,2,2,2,2,0,0,0,0,0,0,0,0
Havilla University,Nigeria,1,52.44,0,0,0,0,0,0,2,2,2,2,4,4,4,4,4,4,4,4,2,2,2,2,0,0
Universitat Politècnica de Catalunya,Spain,1,168.48,0,0,0,0,0,0,2,2,2,2,4,4,4,4,4,4,4,4,2,2,2,2,0,0
Centenary Biblical Institute,United States of America,-5,170.72,2,2,2,2,4,4,4,4,4,4,4,4,2,2,2,2,0,0,0,0,0,0,0,0
Atiba University,Nigeria,1,52.44,0,0,0,0,0,0,2,2,2,2,4,4,4,4,4,4,4,4,2,2,2,2,0,0
Pamo University,Nigeria,1,52.44,0,0,0,0,0,0,2,2,2,2,4,4,4,4,4,4,4,4,2,2,2,2,0,0
Karl Kumm University,Nigeria,1,52.44,0,0,0,0,0,0,2,2,2,2,4,4,4,4,4,4,4,4,2,2,2,2,0,0
Temple University,United States of America,-5,170.72,2,2,2,2,4,4,4,4,4,4,4,4,2,2,2,2,0,0,0,0,0,0,0,0
"Ecole des mines et de métallurgie, faculté technique de la province de Hainaut, à Mons",Belgium,1,151.86,0,0,0,0,0,0,2,2,2,2,4,4,4,4,4,4,4,4,2,2,2,2,0,0
University of Massachusetts Boston,United States of America,-5,170.72,2,2,2,2,4,4,4,4,4,4,4,4,2,2,2,2,0,0,0,0,0,0,0,0
Казанский (Приволжский) федеральный университет,Russia,3,103.28,0,0,0,0,0,0,0,0,2,2,2,2,4,4,4,4,4,4,4,4,2,2,2,2
"University of New York in Prague, s.r.o.",Czech Republic,1,162.64,0,0,0,0,0,0,2,2,2,2,4,4,4,4,4,4,4,4,2,2,2,2,0,0
Vysoká škola ekonomická v Praze,Czech Republic,1,162.64,0,0,0,0,0,0,2,2,2,2,4,4,4,4,4,4,4,4,2,2,2,2,0,0
UCLA Luskin School of Public Affairs,United States of America,-8,170.72,2,4,4,4,4,4,4,4,4,2,2,2,2,0,0,0,0,0,0,0,0,2,2,2
Харківське пожежно-технічне училище,Ukraine,2,111.93,0,0,0,0,0,0,0,2,2,2,2,4,4,4,4,4,4,4,4,2,2,2,2,0
Дзяржаўны ордэна Леніна інстытут фізічнай культуры імя П. Ф. Лесгафта,Russia,3,103.28,0,0,0,0,0,0,0,0,2,2,2,2,4,4,4,4,4,4,4,4,2,2,2,2
Нижегородский университет,Russia,3,103.28,0,0,0,0,0,0,0,0,2,2,2,2,4,4,4,4,4,4,4,4,2,2,2,2
Adamawa State University,Nigeria,1,52.44,0,0,0,0,0,0,2,2,2,2,4,4,4,4,4,4,4,4,2,2,2,2,0,0
Пензенский государственный университет архитектуры и строительства,Russia,3,103.28,0,0,0,0,0,0,0,0,2,2,2,2,4,4,4,4,4,4,4,4,2,2,2,2
Московська державна академія хореографії,Russia,3,103.28,0,0,0,0,0,0,0,0,2,2,2,2,4,4,4,4,4,4,4,4,2,2,2,2
Московская государственная геологоразведочная академия,Russia,3,103.28,0,0,0,0,0,0,0,0,2,2,2,2,4,4,4,4,4,4,4,4,2,2,2,2
Сибирская горно-металлургическая академия,Russia,7,103.28,2,2,2,2,0,0,0,0,0,0,0,0,2,2,2,2,4,4,4,4,4,4,4,4
Тюменская государственная архитектурно-строительная академия,Russia,5,103.28,2,2,0,0,0,0,0,0,0,0,2,2,2,2,4,4,4,4,4,4,4,4,2,2
Московский государственный областной университет,Russia,3,103.28,0,0,0,0,0,0,0,0,2,2,2,2,4,4,4,4,4,4,4,4,2,2,2,2
Пермская государственная сельскохозяйственная академия имени академика Д.Н. Прянишникова,Russia,5,103.28,2,2,0,0,0,0,0,0,0,0,2,2,2,2,4,4,4,4,4,4,4,4,2,2
Пермский государственный гуманитарно-педагогический университет,Russia,5,103.28,2,2,0,0,0,0,0,0,0,0,2,2,2,2,4,4,4,4,4,4,4,4,2,2
Московский государственный университет печати имени Ивана Фёдорова,Russia,3,103.28,0,0,0,0,0,0,0,0,2,2,2,2,4,4,4,4,4,4,4,4,2,2,2,2
Рівненський педагогічний інститут,Ukraine,2,111.93,0,0,0,0,0,0,0,2,2,2,2,4,4,4,4,4,4,4,4,2,2,2,2,0
Національний університет «Чернігівська політехніка»,Ukraine,2,111.93,0,0,0,0,0,0,0,2,2,2,2,4,4,4,4,4,4,4,4,2,2,2,2,0
Gorky Pedagogical Institute of Foreign Languages,Russia,3,103.28,0,0,0,0,0,0,0,0,2,2,2,2,4,4,4,4,4,4,4,4,2,2,2,2
Курскі педагагічны інстытут,Russia,3,103.28,0,0,0,0,0,0,0,0,2,2,2,2,4,4,4,4,4,4,4,4,2,2,2,2
"Дніпропетровська академія управління, бізнесу та права",Ukraine,2,111.93,0,0,0,0,0,0,0,2,2,2,2,4,4,4,4,4,4,4,4,2,2,2,2,0
Российский университет кооперации,Russia,3,103.28,0,0,0,0,0,0,0,0,2,2,2,2,4,4,4,4,4,4,4,4,2,2,2,2
Маскоўскі дзяржаўны ўніверсітэт лесу,Russia,3,103.28,0,0,0,0,0,0,0,0,2,2,2,2,4,4,4,4,4,4,4,4,2,2,2,2
Северо-Восточный государственный университет,Russia,11,103.28,4,4,4,4,2,2,2,2,0,0,0,0,0,0,0,0,2,2,2,2,4,4,4,4
Поморский государственный университет им. М. В. Ломоносова,Russia,3,103.28,0,0,0,0,0,0,0,0,2,2,2,2,4,4,4,4,4,4,4,4,2,2,2,2
Маскоўскі інстытут інжынераў сувязі,Russia,3,103.28,0,0,0,0,0,0,0,0,2,2,2,2,4,4,4,4,4,4,4,4,2,2,2,2
2-і Ленінградскі медыцынскі інстытут,Russia,3,103.28,0,0,0,0,0,0,0,0,2,2,2,2,4,4,4,4,4,4,4,4,2,2,2,2
Національний педагогічний університет імені Михайла Драгоманова,Ukraine,2,111.93,0,0,0,0,0,0,0,2,2,2,2,4,4,4,4,4,4,4,4,2,2,2,2,0
Свярдлоўскі медыцынскі інстытут,Russia,5,103.28,2,2,0,0,0,0,0,0,0,0,2,2,2,2,4,4,4,4,4,4,4,4,2,2
Ростовский институт инженеров железнодорожного транспорта,Russia,3,103.28,0,0,0,0,0,0,0,0,2,2,2,2,4,4,4,4,4,4,4,4,2,2,2,2
Ырымбур дәүләт педагогия университеты,Russia,5,103.28,2,2,0,0,0,0,0,0,0,0,2,2,2,2,4,4,4,4,4,4,4,4,2,2
Черниговский государственный педагогический университет им. Т. Г. Шевченко,Ukraine,2,111.93,0,0,0,0,0,0,0,2,2,2,2,4,4,4,4,4,4,4,4,2,2,2,2,0
Adelphi College,United States of America,-5,170.72,2,2,2,2,4,4,4,4,4,4,4,4,2,2,2,2,0,0,0,0,0,0,0,0
Ужгородский национальный университет,Ukraine,2,111.93,0,0,0,0,0,0,0,2,2,2,2,4,4,4,4,4,4,4,4,2,2,2,2,0
Чыцінскі дзяржаўны педагагічны інстытут,Russia,9,103.28,4,4,2,2,2,2,0,0,0,0,0,0,0,0,2,2,2,2,4,4,4,4,4,4
Саратаўскі медыцынскі інстытут,Russia,4,103.28,2,0,0,0,0,0,0,0,0,2,2,2,2,4,4,4,4,4,4,4,4,2,2,2
Омскі інстытут інжынераў чыгуначнага транспарту,Russia,6,103.28,2,2,2,0,0,0,0,0,0,0,0,2,2,2,2,4,4,4,4,4,4,4,4,2
Глуховский учительский институт,Ukraine,3,111.93,0,0,0,0,0,0,0,0,2,2,2,2,4,4,4,4,4,4,4,4,2,2,2,2
агрономический факультет Саратовского университета,Russia,4,103.28,2,0,0,0,0,0,0,0,0,2,2,2,2,4,4,4,4,4,4,4,4,2,2,2
Красноярский государственный технический университет,Russia,7,103.28,2,2,2,2,0,0,0,0,0,0,0,0,2,2,2,2,4,4,4,4,4,4,4,4
Свярдлоўскі сельскагаспадарчы інстытут,Russia,5,103.28,2,2,0,0,0,0,0,0,0,0,2,2,2,2,4,4,4,4,4,4,4,4,2,2
"Instituto Tecnológico y Estudios Superiores de Monterrey, Campus en Léon",Mexico,-6,124.9,2,2,2,4,4,4,4,4,4,4,4,2,2,2,2,0,0,0,0,0,0,0,0,2
Micheal and Cecilia Ibru University,Nigeria,1,52.44,0,0,0,0,0,0,2,2,2,2,4,4,4,4,4,4,4,4,2,2,2,2,0,0
"Instituto Tecnológico y Estudios Superiores de Monterrey, Campus en Zacatecas",Mexico,-6,124.9,2,2,2,4,4,4,4,4,4,4,4,2,2,2,2,0,0,0,0,0,0,0,0,2
Universität Karlsruhe,Germany,1,180.27,0,0,0,0,0,0,2,2,2,2,4,4,4,4,4,4,4,4,2,2,2,2,0,0
Arthur Javis University,Nigeria,1,52.44,0,0,0,0,0,0,2,2,2,2,4,4,4,4,4,4,4,4,2,2,2,2,0,0
Magyar Táncművészeti Egyetem,Hungary,1,137.15,0,0,0,0,0,0,2,2,2,2,4,4,4,4,4,4,4,4,2,2,2,2,0,0
Universiti Teknikal Malaysia Melaka,Malaysia,8,117.98,4,2,2,2,2,0,0,0,0,0,0,0,0,2,2,2,2,4,4,4,4,4,4,4
"Instituto Tecnológico y Estudios Superiores de Monterrey, Campus en Aguascalientes",Mexico,-6,124.9,2,2,2,4,4,4,4,4,4,4,4,2,2,2,2,0,0,0,0,0,0,0,0,2
Московский государственный строительный университет,Russia,3,103.28,0,0,0,0,0,0,0,0,2,2,2,2,4,4,4,4,4,4,4,4,2,2,2,2
Obafemi Awolowo University,Nigeria,1,52.44,0,0,0,0,0,0,2,2,2,2,4,4,4,4,4,4,4,4,2,2,2,2,0,0
"Instituto Tecnológico y Estudios Superiores de Monterrey, Campus en Querétaro",Mexico,-6,124.9,2,2,2,4,4,4,4,4,4,4,4,2,2,2,2,0,0,0,0,0,0,0,0,2
Universidad Autónoma de Yucatán,Mexico,-6,124.9,2,2,2,4,4,4,4,4,4,4,4,2,2,2,2,0,0,0,0,0,0,0,0,2
Вологодский государственный технический университет,Russia,3,103.28,0,0,0,0,0,0,0,0,2,2,2,2,4,4,4,4,4,4,4,4,2,2,2,2
Горы-Горацкі земляробчы інстытут,Belarus,3,108.48,0,0,0,0,0,0,0,0,2,2,2,2,4,4,4,4,4,4,4,4,2,2,2,2
Могилевский машиностроительный институт,Belarus,3,108.48,0,0,0,0,0,0,0,0,2,2,2,2,4,4,4,4,4,4,4,4,2,2,2,2
澳門大學,People's Republic of China,8,105.07,4,2,2,2,2,0,0,0,0,0,0,0,0,2,2,2,2,4,4,4,4,4,4,4
Валгаградская медыцынская акадэмія,Russia,3,103.28,0,0,0,0,0,0,0,0,2,2,2,2,4,4,4,4,4,4,4,4,2,2,2,2
Заокский университет Церкви Христиан-Адвентистов Седьмого Дня,Russia,3,103.28,0,0,0,0,0,0,0,0,2,2,2,2,4,4,4,4,4,4,4,4,2,2,2,2
Chapman University,United States of America,-8,170.72,2,4,4,4,4,4,4,4,4,2,2,2,2,0,0,0,0,0,0,0,0,2,2,2
جَامِعَة السُّلْطَان قَابُوس,Oman,4,173.68,2,0,0,0,0,0,0,0,0,2,2,2,2,4,4,4,4,4,4,4,4,2,2,2
"Det Kongelige Danske Kunstakademis Skoler for Arkitektur, Design og Konservering – Designskolen",Denmark,1,192.36,0,0,0,0,0,0,2,2,2,2,4,4,4,4,4,4,4,4,2,2,2,2,0,0
Mankato Normal School,United States of America,-6,170.72,2,2,2,4,4,4,4,4,4,4,4,2,2,2,2,0,0,0,0,0,0,0,0,2
Международный высший колледж по радиоэкологии имени А. Д. Сахарова,Belarus,3,108.48,0,0,0,0,0,0,0,0,2,2,2,2,4,4,4,4,4,4,4,4,2,2,2,2
Уладзівастоцкі медыцынскі інстытут,Russia,10,103.28,4,4,4,2,2,2,2,0,0,0,0,0,0,0,0,2,2,2,2,4,4,4,4,4
香港中文大學,People's Republic of China,8,105.07,4,2,2,2,2,0,0,0,0,0,0,0,0,2,2,2,2,4,4,4,4,4,4,4
Гродзенскі медыцынскі інстытут,Belarus,3,108.48,0,0,0,0,0,0,0,0,2,2,2,2,4,4,4,4,4,4,4,4,2,2,2,2
首都师范大学,People's Republic of China,8,105.07,4,2,2,2,2,0,0,0,0,0,0,0,0,2,2,2,2,4,4,4,4,4,4,4
Yobe State University,Nigeria,1,52.44,0,0,0,0,0,0,2,2,2,2,4,4,4,4,4,4,4,4,2,2,2,2,0,0
Universidad Autónoma Indígena de México,Mexico,-7,124.9,2,2,4,4,4,4,4,4,4,4,2,2,2,2,0,0,0,0,0,0,0,0,2,2
Національний авіаційний університет,Ukraine,2,111.93,0,0,0,0,0,0,0,2,2,2,2,4,4,4,4,4,4,4,4,2,2,2,2,0
Szegedi Orvostudományi Egyetem,Hungary,1,137.15,0,0,0,0,0,0,2,2,2,2,4,4,4,4,4,4,4,4,2,2,2,2,0,0
"Державний вищий навчальний заклад ""Донецький національний технічний університет""",Ukraine,2,111.93,0,0,0,0,0,0,0,2,2,2,2,4,4,4,4,4,4,4,4,2,2,2,2,0
Imo State University,Nigeria,1,52.44,0,0,0,0,0,0,2,2,2,2,4,4,4,4,4,4,4,4,2,2,2,2,0,0
Adekunle Ajasin University,Nigeria,1,52.44,0,0,0,0,0,0,2,2,2,2,4,4,4,4,4,4,4,4,2,2,2,2,0,0
Azərbaycan Dövlət İncəsənət İnstitutu,Azerbaijan,4,104.1,2,0,0,0,0,0,0,0,0,2,2,2,2,4,4,4,4,4,4,4,4,2,2,2
Ambrose Alli University,Nigeria,1,52.44,0,0,0,0,0,0,2,2,2,2,4,4,4,4,4,4,4,4,2,2,2,2,0,0
Южно-Уральский государственный гуманитарно-педагогический университет,Russia,5,103.28,2,2,0,0,0,0,0,0,0,0,2,2,2,2,4,4,4,4,4,4,4,4,2,2
Усесаюзны завочны інстытут савецкага гандлю Наркамгандлю СССР,Russia,3,103.28,0,0,0,0,0,0,0,0,2,2,2,2,4,4,4,4,4,4,4,4,2,2,2,2
Curtin University Dubai,United Arab Emirates,4,160.38,2,0,0,0,0,0,0,0,0,2,2,2,2,4,4,4,4,4,4,4,4,2,2,2
Federal University Dutsin-Ma,Nigeria,1,52.44,0,0,0,0,0,0,2,2,2,2,4,4,4,4,4,4,4,4,2,2,2,2,0,0
Saint Mary's University of Minnesota,United States of America,-6,170.72,2,2,2,4,4,4,4,4,4,4,4,2,2,2,2,0,0,0,0,0,0,0,0,2
Zürcher Hochschule der Künste,Switzerland,1,195.27,0,0,0,0,0,0,2,2,2,2,4,4,4,4,4,4,4,4,2,2,2,2,0,0
Michael Okpara University of Agricultural Umudike,Nigeria,1,52.44,0,0,0,0,0,0,2,2,2,2,4,4,4,4,4,4,4,4,2,2,2,2,0,0
Curtin Singapore,Singapore,8,151.59,4,2,2,2,2,0,0,0,0,0,0,0,0,2,2,2,2,4,4,4,4,4,4,4
Вінницький національний медичний університет ім. М. І. Пирогова,Ukraine,2,111.93,0,0,0,0,0,0,0,2,2,2,2,4,4,4,4,4,4,4,4,2,2,2,2,0
Лиепайская педагогическая академия,Latvia,2,150.81,0,0,0,0,0,0,0,2,2,2,2,4,4,4,4,4,4,4,4,2,2,2,2,0
Azərbaycan Dövlət Pedaqoji İnstitutu,Azerbaijan,4,104.1,2,0,0,0,0,0,0,0,0,2,2,2,2,4,4,4,4,4,4,4,4,2,2,2
Pratt Institute School of Information,United States of America,-5,170.72,2,2,2,2,4,4,4,4,4,4,4,4,2,2,2,2,0,0,0,0,0,0,0,0
Казахский горно-металлургический институт,Kazakhstan,6,93.77,2,2,2,0,0,0,0,0,0,0,0,2,2,2,2,4,4,4,4,4,4,4,4,2
Unicorn College s.r.o.,Czech Republic,1,162.64,0,0,0,0,0,0,2,2,2,2,4,4,4,4,4,4,4,4,2,2,2,2,0,0
Universidad Andina Simón Bolívar,Ecuador,-4,118.84,0,2,2,2,2,4,4,4,4,4,4,4,4,2,2,2,2,0,0,0,0,0,0,0
Сибирский государственный медицинский университет,Russia,7,103.28,2,2,2,2,0,0,0,0,0,0,0,0,2,2,2,2,4,4,4,4,4,4,4,4
Тюменский агропедагогический институт,Russia,5,103.28,2,2,0,0,0,0,0,0,0,0,2,2,2,2,4,4,4,4,4,4,4,4,2,2
Академия Федеральной службы безопасности Российской Федерации,Russia,3,103.28,0,0,0,0,0,0,0,0,2,2,2,2,4,4,4,4,4,4,4,4,2,2,2,2
NA,NA,NA,NA,852,762,632,696,782,746,1194,1404,1738,1792,2370,2516,2764,2854,2984,2920,2834,2870,2422,2212,1878,1824,1246,1100
